,标题,内容,发布时间戳
100,,财联社9月25日电，美国30年期国债收益率上涨10个基点至4.627%。,2023-09-25 21:07:25
101,上海市政府常务会议部署促进0-3岁婴幼儿托育服务 加快打造15分钟托育圈,【上海市政府常务会议部署促进0-3岁婴幼儿托育服务 加快打造15分钟托育圈】财联社9月25日电，上海市委副书记、市长龚正今天（25日）主持召开市政府常务会议，要求按照市委部署，进一步促进我市托育服务发展，做好农村房地一体宅基地确权登记工作。会议原则同意《关于进一步促进本市托育服务发展的指导意见》并指出，0-3岁婴幼儿托育服务是深入贯彻人民城市重要理念，加快儿童友好城市建设的重要内容，事关婴幼儿健康成长，关系千家万户切身利益。要进一步支持全市公办幼儿园托班“应开尽开、能多开尽量多开”，着力增加托幼一体资源供给，做好中长期规划布局，对五个新城、远郊等地区予以重点支持，加快打造15分钟托育圈。 (上观新闻),2023-09-25 21:15:03
102,,财联社9月25日电，加拿大10年期国债收益率日内上涨达10.4个基点，达到自2007年12月以来的最高水平，报4.014%。,2023-09-25 21:22:57
103,天孚通信：公司高速光引擎项目目前进展顺利,【天孚通信：公司高速光引擎项目目前进展顺利】财联社9月25日电，天孚通信在业绩说明会上表示，公司高速光引擎项目目前进展顺利。根据泰国工厂整体规划，泰国工厂一期建设将在明年上半年投入使用。公司定位光器件整体解决方案提供商，不断为客户创造新价值，市场占有率预期将逐步提升。,2023-09-25 21:25:54
104,中基协：截至8月底公募基金资产净值合计28.71万亿元,【中基协：截至8月底公募基金资产净值合计28.71万亿元】财联社9月25日电，中基协数据显示，截至2023年8月底，我国境内共有基金管理公司144家，其中，外商投资基金管理公司48家（包括中外合资和外商独资），内资基金管理公司96家；取得公募基金管理资格的证券公司或证券公司资产管理子公司12家、保险资产管理公司1家。以上机构管理的公募基金资产净值合计28.71万亿元。,2023-09-25 21:27:36
105,美股三大指数集体低开 热门中概股普跌,【美股三大指数集体低开 热门中概股普跌】财联社9月25日电，美股三大指数集体低开，道指跌0.20%，纳指跌0.30%，标普500指数跌0.25%。热门中概股普跌，理想汽车跌超6%，蔚来跌逾5%，哔哩哔哩、京东跌逾3%，阿里巴巴、贝壳跌近3%。,2023-09-25 21:30:40
106,【风口研报·洞察】发改委发布《增量配电业务配电区域划分实施办法（征求意见稿）》，分析师看好该文件有望弥补传统电网对配网投资不足问题，配网设备环节标的有望受益；长假临近，国内外有哪些事件值得关注,①长假临近，国内外有哪些事件值得关注；②发改委发布《增量配电业务配电区域划分实施办法（征求意见稿）》，分析师看好该文件有望弥补传统电网对配网投资不足问题，有利于推动增量配网建设，配网设备环节标的有望受益；③今日全市场机构研报共发布502篇，光迅科技评级得到上调，19家公司获得首度覆盖，其中斯莱克等4股获新财富分析师覆盖；④在个股机构关注度排行中，小商品城首次上榜，前五名依次为中国石化>盐津铺子>新澳股份>北新建材>小商品城。,2023-09-25 21:32:37
107,,财联社9月25日电，欧元兑美元跌破1.06，为3月16日以来首次，日内跌0.45%。,2023-09-25 21:38:52
108,深交所10家公司IPO中止 原因均系更新财报,【深交所10家公司IPO中止 原因均系更新财报】财联社9月25日电，记者25日晚间从深交所获悉，三技技术、东方四通、山大电力、冠优达、联纲光电等10家深交所主板和创业板公司IPO中止，IPO按下“暂停键”原因均系更新财报。根据《深圳证券交易所股票发行上市审核规则》第五十九条的相关规定，深交所中止上述10家公司的发行上市审核。,2023-09-25 21:40:27
109,普华永道：上半年中国汽车行业并购交易金额超1275亿元 估值去泡沫化趋势显著,【普华永道：上半年中国汽车行业并购交易金额超1275亿元 估值去泡沫化趋势显著】财联社9月25日电，普华永道发布的《2023年上半年中国汽车行业并购活动回顾及趋势展望》报告显示，汽车行业2023年上半年并购交易金额超1275亿元，交易数量为343宗，相较2022年同期呈现下降趋势。其中，整车制造环节的并购规模有所扩大，零部件、后市场领域的降幅均较为显著。在交易量级方面，巨型交易占比缩减，整体分布趋势平衡。2023年上半年，汽车行业超百亿元的巨型交易金额相较2022年下半年缩减36%，估值去泡沫化趋势显著，资本市场逐渐回归价值。,2023-09-25 21:48:47
110,诺和诺德与科技公司Valo Health达成人工智能药物协议 价值可达27亿美元,【诺和诺德与科技公司Valo Health达成人工智能药物协议 价值可达27亿美元】财联社9月25日电，诺和诺德发布声明称，与美国科技公司Valo Health达成合作协议，寻求利用人类数据和人工智能发现并开发心脏代谢疾病（CMD）的新疗法。根据协议条款，Valo将获得预付款和潜在的近期里程碑付款，总额为6000万美元，并有资格获得最多11个项目的里程碑付款，总额可达27亿美元，外加研发费用资金和潜在的特许权使用费。,2023-09-25 21:49:38
111,日产CEO：到2030年在欧洲仅销售电动汽车目标不变 现在已没有退路,【日产CEO：到2030年在欧洲仅销售电动汽车目标不变 现在已没有退路】财联社9月25日电，日产CEO内田诚表示，目前公司在欧洲推出的所有新车型都将是纯电动汽车，并重申到2030年在欧陆仅销售电动汽车的计划。内田诚在英国伦敦的一次活动上表示：“现在已经没有退路了。我们相信，为了我们的业务、客户和地球，这样做是正确的。”,2023-09-25 21:53:57
112,恒大地产：“20恒大04”未能按期兑付本息,【恒大地产：“20恒大04”未能按期兑付本息】财联社9月25日电，恒大地产集团有限公司公告，恒大地产集团有限公司2020年面向专业投资者公开发行公司债券（第一期）（债券简称：20恒大04；债券代码：149247.SZ，以下简称“本期债券”）应于2023年9月25日支付本期债券回售本金及相关利息（9月23日非交易日，顺延至其后的第1个交易日）。截至2023年9月25日终，恒大地产集团有限公司（简称“恒大地产”或“发行人”）未能按照约定兑付上述债券本息。恒大地产仍将以“不逃废债”为基本前提，积极与债券持有人协商，以期尽快达成持有人认可的解决方案，在各方努力下共同化解债务风险，依法维护债权人合法权益。,2023-09-25 22:02:15
113,日本首相将公布经济对策 扶持国内半导体生产,【日本首相将公布经济对策 扶持国内半导体生产】财联社9月25日电，据日本《读卖新闻》报道，日本首相岸田文雄将在10月份确定经济对策，基本方案内容浮出水面。除减轻电费、燃气费和汽油费负担外，政府还将对国内生产半导体等重要物资进行扶持。 (环球网),2023-09-25 22:04:35
114,大商所王伟军：发挥生猪期货市场功能 更好服务产业风险管理,【大商所王伟军：发挥生猪期货市场功能 更好服务产业风险管理】财联社9月25日电，2023生猪产业产融结合发展高峰论坛在河南省南阳市举行。大商所党委委员、副总经理王伟军在论坛上表示，下一步，大商所将持续强化监管，确保市场平稳运行，保障市场功能作用有效发挥；通过优化产品的规则、市场运行交易者结构，持续提升市场功能，强化对产业企业的培育开发；继续优化和推广“保险+期货”模式，继续以“企业风险管理计划”和“产融培育基地”为抓手，广泛动员各方力量，更好服务产业不同主体风险管理需求；进一步完善产品体系，拓展风险管理工具链，努力为企业提供更加协同多样的风险管理工具；强化期现结合，以期现联动、场内场外协同为切入点，优化各项功能，更好服务产业企业个性化风险管理的需求。,2023-09-25 22:05:10
115,【公告全知道】华为+工业互联网+智算中心+人工智能+算力+机器人！公司与华为昇腾合作开展智算中心项目,①华为+工业互联网+智算中心+人工智能+算力+大数据+机器人+信创！这家公司与华为昇腾合作开展智算中心项目，推出AI一体机；②工业互联网+华为+智慧工厂+数据中心+国产软件+数字经济！这家公司与华为合作超过20年并推出基于鸿蒙物联网的实训平台；③华为+卫星导航+5G+毫米波雷达+无人驾驶+比亚迪+新能源汽车！公司是华为产品供应商。,2023-09-25 22:06:28
116,,财联社9月25日电，美元指数DXY站上106，为去年11月30日以来首次，日内涨0.40%。,2023-09-25 22:10:10
117,大众汽车首次在中国银行间市场发行熊猫债,【大众汽车首次在中国银行间市场发行熊猫债】财联社9月25日电，中国银行间市场交易商协会9月25日消息，2023年9月21日，大众汽车在银行间市场发行首单15亿元熊猫债，成为又一家进入中国债券市场发债融资的跨国企业。大众汽车熊猫债的成功发行，标志着交易商协会开展定价配售机制优化试点的落地见效，凸显了中国债券市场对跨国企业的吸引力，有助于形成债券市场高水平开放的示范效应。,2023-09-25 22:11:31
118,Getty Images宣布推出生成式AI工具,【Getty Images宣布推出生成式AI工具】财联社9月25日电，商业图库Getty Images（NYSE:GETY）宣布推出自有AI生成器，已正式启用。据介绍，Getty Images生成式AI由NVIDIA Picasso提供支持，其专门使用Getty Images的创意媒体库内容和资料进行训练。客户可使用文本提示词转换图片生成功能，以引导模型根据其内容和资料制作影像。,2023-09-25 22:12:49
119,古巴驻美国使馆遭袭,【古巴驻美国使馆遭袭】当地时间9月24日晚，位于美国首都华盛顿的古巴驻美国使馆遭到袭击。古巴外交部称，袭击者向使馆内投掷了2枚燃烧弹。袭击未造成人员伤亡。事件发生后，古巴外交部长罗德里格斯在社交媒体上表示，这是针对古巴驻美国使馆的第二次暴力袭击。此前，2020年，古巴驻美国使馆曾遭到枪击。,2023-09-25 22:12:53
120,,财联社9月25日电，美元兑日元上涨0.3%至148.87，为2022年10月以来的最高水平。,2023-09-25 22:14:37
121,,财联社9月25日电，现货白银日内跌幅达1%，现报23.31美元/盎司。,2023-09-25 22:19:09
122,报告：六成LP和GP认为投资环境改善 77%受访者认为美国2024年底将发生衰退,【报告：六成LP和GP认为投资环境改善 77%受访者认为美国2024年底将发生衰退】财联社9月25日电，2023年6月至7月，高盛对超过200家覆盖一级市场多投资策略的有限责任合伙人（LP）和普通合伙人（GP）进行了调研。9月25日，高盛发布的调研结果显示，与去年相比，LP和GP们对投资机会的乐观程度有所上升：64%的受访者认为投资环境改善，22%的受访者认为环境正趋于稳定。调查显示，投资者认为风险主要集中在宏观层面，而非市场因素；受访者认为前几大风险因素分别为：经济衰退、地缘政治冲突、通胀、利率。 二手份额、私募信贷和基础设施被视为前三大增长机会。在经济衰退风险方面，77%受访者认为未来两年美国将会陷入衰退，其中23%认为衰退将发生在2023年，53%认为是2024年。,2023-09-25 22:28:33
123,南海部分海域进行军事演习 禁止驶入,【南海部分海域进行军事演习 禁止驶入】财联社9月25日电，据中国海事局网站消息，广东海事局发布航行警告，9月26日4时至14时，南海部分海域进行军事演习，禁止驶入。,2023-09-25 22:29:38
124,,财联社9月25日电，美国9月达拉斯联储商业活动指数为-18.1，预期-13，前值-17.2。,2023-09-25 22:30:48
125,亚通股份：拟定增募资不超5.7亿元,【亚通股份：拟定增募资不超5.7亿元】财联社9月25日电，亚通股份公告，公司拟向特定对象发行股票募资不超过5.7亿元，扣除发行费用后的募资净额将用于长兴岛38号地块安置房项目、补充流动资金。,2023-09-25 22:32:47
126,,财联社9月25日电，ICE原糖期货日内跌幅达2.5%，报26.59美分/磅。,2023-09-25 22:33:41
127,欧盟2023年第二季度能源产品进口继续下降,【欧盟2023年第二季度能源产品进口继续下降】财联社9月25日电，据欧盟统计局当地时间25日公布的数据，继第一季度能源产品进口出现下降后，2023年第二季度欧盟能源产品进口继续下降。第二季度与去年同期相比，进口金额下降了39.4%，进口数量下降11.3%。2023年第二季度，俄罗斯在欧盟石油进口总额中所占份额为4.0%，去年同期为21.6%。,2023-09-25 22:35:58
128,湖北长江车谷产业投资基金正式成立 总规模100亿元,【湖北长江车谷产业投资基金正式成立 总规模100亿元】财联社9月25日电，武汉经开区官微消息，9月25日，在2023中国车谷汽车零部件招商大会上，总规模100亿元的湖北长江车谷产业投资基金正式成立，由长江产业集团联合武汉市、武汉经开区及国内整车龙头企业共同发起设立，首期规模20亿元，下设围绕整车企业产业链投资的子基金、支持重大产业项目落地的专项基金等。,2023-09-25 22:39:06
129,,财联社9月25日电，欧洲央行行长拉加德表示，中期通货膨胀要及时回到目标，所以这意味着我们不能只是缓慢前进。,2023-09-25 22:39:52
130,雪佛龙CEO：通过改善政策 美国的石油产量将会增加,【雪佛龙CEO：通过改善政策 美国的石油产量将会增加】财联社9月25日电，雪佛龙CEO表示，美国能源政策必须更加一致；通过改善政策，美国的石油产量将会增加；美国石油公司“并非政策的敌人”；石油和天然气的现金回报是持续的。,2023-09-25 22:40:52
131,哈萨克斯坦外交部否认该国将退出集安组织的传言,【哈萨克斯坦外交部否认该国将退出集安组织的传言】财联社9月25日电，哈萨克斯坦外交部发言人斯马迪亚罗夫当地时间9月25日表示，有关哈萨克斯坦计划退出集体安全条约组织（集安组织）的传言不符合事实。斯马迪亚罗夫说，有传言称哈萨克斯坦和亚美尼亚正在进行相关谈判，退出集安组织，这不符合事实。几天前，集安组织成员国外长还举行了会议，讨论了组织未来发展方向。据悉，目前集安组织共有6个成员国，分别为亚美尼亚、白俄罗斯、哈萨克斯坦、吉尔吉斯斯坦、俄罗斯和塔吉克斯坦。 (央视新闻),2023-09-25 22:47:07
132,COMEX期银日内下跌2%,【COMEX期银日内下跌2%】财联社9月25日电，COMEX期银日内下跌2%，现报23.37美元/盎司。,2023-09-25 22:47:31
133,欧洲央行行长拉加德：欧洲央行并未讨论降息,【欧洲央行行长拉加德：欧洲央行并未讨论降息】财联社9月25日电，欧洲央行行长拉加德表示，衰退不是基准情景的一部分；欧洲央行并未讨论降息。,2023-09-25 22:51:07
134,【电报解读】诺和诺德达成27亿美元人工智能药物协议，机构预计国内AI医疗市场规模5年增超5倍，这家公司自研产品助力药企实现分子砌块分析,诺和诺德达成27美亿元人工智能药物协议，机构预计国内AI医疗市场规模5年增超5倍，这家公司自研产品助力药企实现分子砌块分析，另一家已与一些AI公司形成战略合作。,2023-09-25 22:52:32
135,哈萨克斯坦总理与俄罗斯总理举行会晤,【哈萨克斯坦总理与俄罗斯总理举行会晤】财联社9月25日电，哈萨克斯坦总理斯迈洛夫当地时间9月25日与到访的俄罗斯总理米舒斯京在哈萨克斯坦首都阿斯塔纳举行了会晤。据介绍，米舒斯京此行是为了参加在阿斯塔纳举行的国际工业展览会全会，此次展览会共有来自18个国家的共超过1万人参加。米舒斯京现场参观了展览会上的机械制造、造船、机床制造、化工、纺织、航空和冶金等行业展台。,2023-09-25 22:54:35
136,法国总统宣布召回驻尼日尔大使并撤军,【法国总统宣布召回驻尼日尔大使并撤军】财联社9月25日电，法国总统马克龙24日在接受电视采访时宣布，将召回法国驻尼日尔大使，法国在尼日尔的驻军也将在今年年底前撤走。同一天，尼日尔军政府发表声明，对马克龙的撤军决定表示欢迎，称这一举措标志着尼日尔“向主权迈出了新的一步”，声明称，“帝国主义和新殖民主义势力在尼日尔领土上不再受欢迎，基于相互尊重和主权基础上的合作新时代已经开始”。尼日尔曾是法国殖民地，法国目前在尼日尔约有1500名驻军。 (CCTV国际时讯),2023-09-25 22:59:23
137,大商所、郑商所夜盘收盘普跌 焦煤跌超3%,【大商所、郑商所夜盘收盘普跌 焦煤跌超3%】财联社9月25日电，大商所、郑商所夜盘收盘普跌，焦煤、烧碱跌超3%，苯乙烯、铁矿石等跌逾2%，甲醇、菜粕等跌超1%，白糖、塑料等小幅下跌；仅棉花、粳米等极少数品种小幅上涨。,2023-09-25 23:01:07
138,,财联社9月25日电，芝加哥期权交易所全球市场和标普道琼斯指数将于9月27日推出CBOE标普500离散指数。,2023-09-25 23:02:45
139,标普将美国今年经济增速预测从1.7%提高至2.3% 预计还会再加息一次,【标普将美国今年经济增速预测从1.7%提高至2.3% 预计还会再加息一次】财联社9月25日电，标普称，现预计美国经济今年将增长2.3%，之前预计为1.7%；预计美国经济增长将在2024年放缓至1.3%，2025年为1.4%；预计美联储在这一轮加息周期中还会再加息一次。,2023-09-25 23:10:30
140,俄罗斯将国际刑事法院院长列入通缉名单,【俄罗斯将国际刑事法院院长列入通缉名单】财联社9月25日电，俄罗斯媒体25日援引俄内务部消息报道，俄罗斯已将国际刑事法院院长彼得·霍夫曼斯基列入通缉名单。国际刑事法院于今年3月对俄罗斯总统普京发出“逮捕令”。塔斯社在报道中说：“彼得·约瑟夫·霍夫曼斯基，波兰人。根据《俄罗斯联邦刑法典》条款，予以通缉。”,2023-09-25 23:14:30
141,外交部部长助理华春莹同乌拉圭副外长阿尔韦托尼举行中乌外交部第11次政治磋商,"【外交部部长助理华春莹同乌拉圭副外长阿尔韦托尼举行中乌外交部第11次政治磋商】2023年9月25日，外交部部长助理华春莹同乌拉圭副外长阿尔韦托尼在北京举行中乌外交部第11次政治磋商。

华春莹表示，中乌建交35年来，双边关系始终保持健康稳定发展，交流合作成果惠及两国人民。双方要进一步密切友好交往，巩固政治互信，持续高质量共建“一带一路”，深化各领域务实合作，推动中乌战略伙伴关系实现更大发展。

阿尔韦托尼积极评价双边关系发展，强调乌中两国相互尊重、理念相近。乌方坚定致力于深化乌中关系，希进一步密切两国高层交往，提升经贸合作水平，加强人文交流。",2023-09-25 23:26:57
142,缅甸国家管理委员会进行改组调整,【缅甸国家管理委员会进行改组调整】财联社9月25日电，缅甸国家管理委员会9月25日晚发布命令，根据宪法相关规定，对委员会进行改组，主要为成员人事调整，其中两名成员被替换。这次改组调整后的成员仍为18人，国防军总司令敏昂莱仍继续担任缅甸国家管理委员会主席。据了解，此次被替换的两名成员为莫敏吞中将和梭图中将，被貌貌埃中将和纽梭中将接替。,2023-09-25 23:38:39
143,何立峰与东布罗夫斯基斯主持第十次中欧经贸高层对话,"【何立峰与东布罗夫斯基斯主持第十次中欧经贸高层对话】中共中央政治局委员、国务院副总理何立峰与欧盟委员会执行副主席东布罗夫斯基斯25日在北京共同主持第十次中欧经贸高层对话。

何立峰表示，今年是中欧建立全面战略伙伴关系20周年，中方愿同欧方一道，落实好双方领导人达成的重要共识，巩固传统领域合作，积极拓展新的合作领域，共同应对全球性挑战，推动中欧全面战略伙伴关系迈上新台阶。

东布罗夫斯基斯表示，欧方愿与中方加强经贸领域务实合作，推动欧中关系持续向前发展。

中欧双方围绕宏观经济、贸易与投资、产业链供应链、金融合作等议题进行了坦诚务实的沟通交流，达成一系列互利共赢的成果和共识。",2023-09-25 23:39:47
144,欧洲主要股指集体收跌 德国DAX30指数跌0.99%,【欧洲主要股指集体收跌 德国DAX30指数跌0.99%】财联社9月25日电，欧洲主要股指集体收跌，德国DAX30指数跌0.99%，英国富时100指数跌0.75%，法国CAC40指数跌0.85%，欧洲斯托克50指数跌0.99%。,2023-09-25 23:44:02
145,前美联储主席伯南克：将评估英国央行在预测中是否应继续使用市场利率,【前美联储主席伯南克：将评估英国央行在预测中是否应继续使用市场利率】财联社9月25日电，前美联储主席本·伯南克对英国央行预测流程的评估将关注是否应继续将利率的市场路径作为建立预测的主要假设。英国央行周一公布了伯南克评估的职权范围，令这位前美联储主席关注评估过程的五个关键方面。其中涵盖“预测中的适当条件假设，包括该预测所依据的利率路径。”,2023-09-25 23:48:23
146,法国计划控制电价以促进绿色投资,【法国计划控制电价以促进绿色投资】财联社9月26日电，法国总统马克龙表示，法国将在今年年底前出台一项限制电价的法律，以鼓励其能源转型所需的数十亿欧元投资。马克龙周一在巴黎的一次演讲中概述了法国应对气候变化的战略，他说：“我们将在法国和欧洲层面重新控制我们的电力。”他补充说，将于10月出台的电价新规将使法国“在欧洲层面处于非常有利的竞争地位”。其目的是确保企业和家庭支付的价格(最近随着天然气价格上涨而上涨)更接近法国的生产成本。,2023-09-25 23:50:46
147,亚马逊云服务CEO：AWS用户获得Anthropic AI工具的早期接入权限,【亚马逊云服务CEO：AWS用户获得Anthropic AI工具的早期接入权限】财联社9月25日电，亚马逊云服务（AWS）的首席执行官Adam Selipsky表示，AWS用户获得Anthropic AI工具的早期接入权限；亚马逊继续开发专有的人工智能工具；亚马逊在推进生成式AI方面“完全有紧迫感”；亚马逊正“尽可能迅速地”扩大芯片供应链；生成式AI领域对芯片的“需求旺盛”；对Anthropic AI的初步投资为12.5亿美元。,2023-09-26 00:08:52
148,美联储研究：美国只有收入前20%人群现金财富多于疫情前,【美联储研究：美国只有收入前20%人群现金财富多于疫情前】财联社9月26日电，美联储对居民财务状况的最新研究显示，除了收入前20%的人以外，其他美国人已经用光了疫情期积攒的额外储蓄，现在手头的现金比疫情开始时要少。对收入后80%的居民而言，截至今年6月，经通胀调整后的银行存款和其他流动资产低于2020年3月水平。,2023-09-26 00:15:00
149,俄黑海舰队总部坍塌建筑被爆炸拆除,【俄黑海舰队总部坍塌建筑被爆炸拆除】财联社9月26日电，塞瓦斯托波尔市长于9月25日11、12、18时许三次发表声明称，当地正在引爆俄黑海舰队总部坍塌的建筑以降低受损建筑再次倒塌的风险，并提醒民众不要因巨大的爆炸声产生恐慌。当天乌克兰武装部队曾发消息称，乌军对俄黑海舰队总部的导弹袭击导致该建筑很难被修复。,2023-09-26 00:24:24
150,亚投行第八届理事会年会开幕 亚投行行长宣布启动《气候行动计划》,【亚投行第八届理事会年会开幕 亚投行行长宣布启动《气候行动计划》】财联社9月26日电，亚洲基础设施投资银行（亚投行）第八届理事会年会25日在埃及沙姆沙伊赫开幕，这是亚投行首次在非洲召开年会。亚投行行长金立群在开幕式上宣布，亚投行将启动《气候行动计划》，这是亚投行致力于应对气候变化的一个里程碑。,2023-09-26 00:27:13
151,黄金消费高景气度引关注 业内：A股在四季度有望迎来重大转机,【黄金消费高景气度引关注 业内：A股在四季度有望迎来重大转机】财联社9月26日电，根据Wind数据，截至9月25日，9月以来券商累计调研819只个股，环比增长约45%。值得一提的是，随着近段时间黄金珠宝需求热度升高，周大生、潮宏基、菜百股份等个股受到券商关注，在调研中黄金市场销售情况、产品布局、未来市场需求等多方面问题频频被追问。国泰君安研报预计，黄金珠宝有望受益于下半年金九银十旺季与新产品周期催化共振。市场方面，业内人士认为，在经历了二季度至三季度的调整后，A股迎来基本面、流动性、政策面的上行拐点，在四季度有望迎来重大转机。 (中证报),2023-09-26 00:40:35
152,白俄罗斯总统签署总统令 管理境内民用无人机的生产、销售及使用,【白俄罗斯总统签署总统令 管理境内民用无人机的生产、销售及使用】财联社9月26日电，白俄罗斯总统卢卡申科9月25日签署《关于民用无人机的国家登记和使用》的总统令。根据文件规定，只有经批准的组织和个体企业才能够在白俄罗斯境内以开展企业和专业活动为目的进行民用无人机的进口、持有、销售、 操作和制造。,2023-09-26 00:45:58
153,纳卡地区一油库发生爆炸,【纳卡地区一油库发生爆炸】财联社9月26日电，据俄罗斯卫星通讯社报道，纳戈尔诺-卡拉巴赫地区（纳卡地区）斯捷潘纳克特（汉肯德）一座油库25日发生爆炸，有人员伤亡。 (央视新闻),2023-09-26 01:02:55
154,,财联社9月26日电，戴文能源公司称，90美元/桶的油价使得二级页岩油井更具吸引力。,2023-09-26 01:06:07
155,阿根廷上空疑现8年来最大臭氧层空洞,【阿根廷上空疑现8年来最大臭氧层空洞】财联社9月26日电，据阿根廷国家气象局当地时间9月24日报告，当地时间21日和22日该国南部火地岛省上空现最大臭氧层空洞，专家表示，这可能是自2015年以来最大的臭氧空洞。每年，臭氧层空洞会在8月至12月之间形成，导致紫外线辐射的增加，对健康产生多种有害影响。近年来，随着各国环保意识的增强和产业的升级，臭氧空洞的面积呈现缩小趋势，2019年，臭氧空洞的面积约为630万平方公里，是自1982年首次测量以来的最小值。,2023-09-26 01:14:06
156,,财联社9月26日电，法荷航集团订购了50架A350空客飞机。,2023-09-26 01:14:33
157,,财联社9月26日电，周一美联储隔夜逆回购协议（RRP）使用规模为1.437万亿美元。,2023-09-26 01:16:54
158,,财联社9月26日电，意大利将把2024年预算赤字目标定在GDP的4.1%-4.3%之间，4月份设置的目标是3.7%。,2023-09-26 01:19:13
159,新疆阿克苏地区沙雅县发生3.2级地震,【新疆阿克苏地区沙雅县发生3.2级地震】财联社9月26日电，中国地震台网正式测定：09月26日01时13分在新疆阿克苏地区沙雅县（北纬41.12度，东经83.17度）发生3.2级地震，震源深度10千米。,2023-09-26 01:23:43
160,国际评级机构警告：政府停摆将对美国信用评级产生负面影响,【国际评级机构警告：政府停摆将对美国信用评级产生负面影响】财联社9月26日电，国际评级机构穆迪投资者服务公司（Moody’s）当地时间9月25日表示，美国政府如果在月底前无法通过支出法案而停摆，将对美国的信用评级产生负面影响。穆迪当天表示，政府停摆将凸显美国的机构和治理实力的薄弱。但是穆迪称，停摆不太可能对美国的债务偿还能力产生重大影响，预计政府停摆的时间将较为短暂，对政府的干扰有限。,2023-09-26 01:26:52
161,商务部：中欧双方同意加强中欧证券期货监管部门在多双边框架下的交流与合作 并加强“合格中央对手方”监管合作,【商务部：中欧双方同意加强中欧证券期货监管部门在多双边框架下的交流与合作 并加强“合格中央对手方”监管合作】财联社9月26日电，商务部新闻发言人就第十次中欧经贸高层对话有关情况答记者问时表示，双方同意加强中欧证券期货监管部门在多双边框架下的交流与合作，共同应对国际经济金融挑战，并加强“合格中央对手方”监管合作。中国证监会和欧委会有关部门将共同评估关于中央对手方监管和监管框架的等效性认定，为提供清算服务的中国期货交易所申请成为欧盟“合格中央对手方”创造条件。双方金融监管部门同意进一步加强交流合作，共同促进金融市场稳定发展。欧方欢迎中方近年来在优化外资银行在华分行监管要求方面取得的成果。中方希望欧方在修订银行业监管相关政策指引时充分考虑中方合理关切，为中资银行在欧发展提供良好营商环境。,2023-09-26 01:44:13
162,国际原子能机构第67届大会开幕 格罗西：扎波罗热核电站情况依旧脆弱,【国际原子能机构第67届大会开幕 格罗西：扎波罗热核电站情况依旧脆弱】财联社9月26日电，国际原子能机构第67届大会当地时间25日在奥地利首都维也纳开幕。国际原子能机构总干事格罗西在发言中说，目前扎波罗热核电站的情况依旧非常脆弱，国际原子能机构的10名安全专家轮换进入核电站，将继续在那里开展工作。,2023-09-26 01:49:50
163,美国战略石油储备连续增长八周,【美国战略石油储备连续增长八周】财联社9月26日电，美国能源部（DOE）的数据显示，美国战略石油储备（SPR）连续增长八周，至9月22日达到3.515亿桶。,2023-09-26 01:51:27
164,,财联社9月26日电，COMEX 12月黄金期货结算价收跌0.46%，报1945.6美元/盎司。COMEX 12月白银期货结算价收跌1.92%，报23.385美元/盎司。,2023-09-26 02:00:25
165,德国一难民中心因暴发麻疹疫情被隔离,【德国一难民中心因暴发麻疹疫情被隔离】财联社9月26日电，据德国媒体当地时间25日报道，由于德国柏林一处难民抵达中心暴发麻疹疫情，一栋容纳约600人的建筑已被隔离。柏林州难民事务办公室发言人萨沙·兰根巴赫当天向媒体证实，两名儿童被诊断出感染麻疹，居民暂时不得离开大楼。,2023-09-26 02:00:51
166,塞瓦斯托波尔市拉响防空警报 克里米亚大桥禁止汽车通行,【塞瓦斯托波尔市拉响防空警报 克里米亚大桥禁止汽车通行】财联社9月26日电，塞瓦斯托波尔市当地行政长官发布消息称，当地时间25日晚，塞瓦斯托波尔市拉响防空警报。克里米亚大桥暂时禁止汽车通行。,2023-09-26 02:11:50
167,三星电子计划10月份开始在印度生产笔记本电脑,【三星电子计划10月份开始在印度生产笔记本电脑】财联社9月26日电，据两位知情人士透露，三星电子计划下月开始在印度生产笔记本电脑，此举将通过财政激励、税收减免和进口限制等措施，加大印度政府推动国内生产的努力。“三星将开始在这里生产笔记本电脑。诺伊达(Noida)工厂是该公司在印度最大的手机制造工厂，将容纳用于生产笔记本电脑的额外生产线，”其中一位知情人士表示。另一知情人士表示，新设施将于下月开始运营，尽管产能有限。“可能会生产大约6万至7万台。这就是年产能，”该人士补充道。 (Mint),2023-09-26 02:17:58
168,以军称空袭加沙地带哈马斯军事目标,【以军称空袭加沙地带哈马斯军事目标】财联社9月26日电，根据以色列国防军发表的声明，当地时间9月25日晚间，以军出动无人机对加沙地带北部巴勒斯坦伊斯兰抵抗运动（哈马斯）的一处军事阵地发动了空袭。声明表示，当天稍早，巴勒斯坦人员在加沙边境向以军开枪，空袭行动是对此的回应。当天稍早，数十名巴勒斯坦青年继续在加沙边境地带举行游行活动，并沿着边界围栏焚烧轮胎等燃烧物。以军则发射催泪瓦斯、实弹等对人群进行驱离。根据加沙当地卫生部门消息，冲突导致一名巴勒斯坦人受伤。,2023-09-26 02:28:05
169,美油、布油期货结算价涨跌不一,【美油、布油期货结算价涨跌不一】财联社9月26日电，美油、布油期货结算价涨跌不一。WTI 11月原油期货结算价收跌0.35美元，跌幅0.39%，报89.68美元/桶。布伦特11月原油期货结算价收涨0.02美元，涨幅0.02%，报93.29美元/桶。,2023-09-26 02:34:45
170,标普：预计英国经济将继续保持低增长、接近停滞的状态直至2024年,【标普：预计英国经济将继续保持低增长、接近停滞的状态直至2024年】财联社9月26日电，标普称，预计英国经济将继续保持低增长、接近停滞的状态，直至2024年，因为实际利率将越来越具限制性；英国整体通胀率仍然较高，但我们预计在2024年下半年将逐渐回落接近目标水平；英国家庭消费在第二季度大幅增长，但在今年下半年将出现下调修正。,2023-09-26 02:39:38
171,,财联社9月26日电，美国10年期国债收益率当日上涨10个基点至4.538%。,2023-09-26 02:40:07
172,,财联社9月26日电，联合汽车工会（Unifor）称，将通用汽车（GM）列为下一个谈判目标。,2023-09-26 02:41:35
173,俄外交部：亚美尼亚总理对俄指责不可接受,【俄外交部：亚美尼亚总理对俄指责不可接受】财联社9月26日电，据媒体报道，当地时间25日，亚美尼亚总理帕希尼扬在首都埃里温会见了到访的俄罗斯内务部长科洛科利采夫，双方就两国间强力部门合作进行了讨论。按照俄罗斯内务部发布的通报，科洛科利采夫表示，西方企图利用乌克兰局势，将俄罗斯逐出南高加索地区并破坏俄亚两国关系。美国和欧盟正向其他国家强力推销自己关于改革安全、护法、国防和司法等关键体系的“药方”。这一举动正在破坏俄罗斯与亚美尼亚的联盟关系。 (央视新闻),2023-09-26 02:48:41
174,福特汽车暂停密歇根州电动汽车电池厂的建造,【福特汽车暂停密歇根州电动汽车电池厂的建造】财联社9月26日电，福特汽车表示，将在密歇根州Marshall暂停其电动汽车电池工厂的建造工作，并限制建造支出，直到该公司对其“有竞争力地运营该工厂的能力”充满信心。尚未就规划的投资做出最终决定。此前，《底特律新闻报》援引福特汽车发言人的话报道称，该公司这一商业决策中有“一系列考量因素”。施工暂停于周一生效。,2023-09-26 02:55:40
175,西方石油公司CEO：欧洲可能会在未来花更多的钱来购买美国天然气,【西方石油公司CEO：欧洲可能会在未来花更多的钱来购买美国天然气】西方石油公司CEO表示，公司到2025年将于美国二叠纪页岩油产区修建净零碳排放发电站；欧洲可能会在未来花更多的钱来购买美国天然气；能源转型风险是“无法承受的”。,2023-09-26 02:58:32
176,,财联社9月26日电，美国参议院民主党议员沃伦呼吁财政部化解与气候变化相关的金融风险。,2023-09-26 02:59:42
177,在岸人民币兑美元较上周五夜盘收盘跌135点,【在岸人民币兑美元较上周五夜盘收盘跌135点】财联社9月26日电，在岸人民币兑美元（CNY）北京时间03:00收报7.3115元，较上周五夜盘收盘跌135点。成交量97.34亿美元。,2023-09-26 03:09:47
178,最大美国长期国债ETF从历史高位暴跌48% 美联储加息前景带来压力,【最大美国长期国债ETF从历史高位暴跌48% 美联储加息前景带来压力】财联社9月26日电，因市场预期美联储将在更长时间维持高利率，最大的美国长期国债交易所交易基金(ETF)遭遇有记录以来最大跌势。据相关数据，规模390亿美元的iShares安硕20年期以上美国国债ETF(代码TLT)已从2020年的历史高点下跌48%，交易价格处于2011年以来最低。与此同时，IHS Markit Ltd.数据显示，对该ETF的做空已经增加，空头头寸占流通基金份额的比例达到约一个月来最高水平。“这都与利率预期有关——通胀引发了利率大幅上升，再加上经济强于预期，意味着利率将继续走高，”Strategas Securities的ETF和技术策略师Todd Sohn说，“还有进一步加息的可能，所以久期会受到影响。”,2023-09-26 03:18:45
179,苏丹镑持续贬值 创历史低点,【苏丹镑持续贬值 创历史低点】财联社9月26日电，据苏丹媒体报道，当地时间24日，苏丹本国货币苏丹镑对外汇率持续贬值，达到历史性的低点。在首都喀土穆，据外汇交易员介绍，目前在当地换汇市场，1美元可兑换880苏丹镑。而在苏丹武装冲突爆发的前一天，1美元可兑换607苏丹镑，至今已贬值超过四成。另外，现在1沙特里亚尔可兑换225苏丹镑，同样创下历史极值。,2023-09-26 03:19:03
180,美国能源部长格兰霍姆：美国计划在10年内建立一座商业核聚变设施,【美国能源部长格兰霍姆：美国计划在10年内建立一座商业核聚变设施】财联社9月26日电，美国能源部长格兰霍姆当地时间周一表示，核聚变是一项开创性的技术，拜登政府希望利用它作为向清洁能源过渡的一部分。格兰霍姆在维也纳接受采访时说，作为其能源议程的一部分，拜登政府希望在10年内建立一座商业核聚变设施。 (AP),2023-09-26 03:19:43
181,苹果一家供应商预计将花费数百亿日元 推动在泰国北部的一家工厂到2028年实现全面生产,【苹果一家供应商预计将花费数百亿日元 推动在泰国北部的一家工厂到2028年实现全面生产】财联社9月26日电，日本电子零部件制造商村田制作所(Murata Manufacturing)在泰国的一家新工厂已完成建设，将于11月投产，为增长奠定了基础，尽管该公司正经受着盈利下滑的冲击。这家苹果供应商预计将花费数百亿日元，计划到2028年其在泰国北部兰埔省的工厂能够实现全面生产。该工厂标志着对微型多层陶瓷电容器(MLCCs)未来需求的押注，这是手机和电动汽车的重要部件。村田在全球MLCC市场的占有率约为40%。 (日经新闻),2023-09-26 03:23:34
182,俄军防空系统在塞瓦斯托波尔别利别克机场附近拦截一枚导弹,【俄军防空系统在塞瓦斯托波尔别利别克机场附近拦截一枚导弹】财联社9月26日电，塞瓦斯托波尔市行政长官当地时间25日晚发布消息称，俄军防空系统在塞瓦斯托波尔别利别克机场附近拦截了一枚导弹。另据俄罗斯国防部通报，俄军防空系统25日晚在别尔哥罗德州拦截了乌克兰7架无人机。 (央视新闻),2023-09-26 03:25:41
183,业内人士：ETF费率的降低将进一步发挥ETF低成本的优势 提高对中长期资金的吸引力,【业内人士：ETF费率的降低将进一步发挥ETF低成本的优势 提高对中长期资金的吸引力】财联社9月26日电，公募降费效应正从主动权益类基金向被动权益类基金扩散。近期，易方达基金、工银瑞信基金、华安基金相继宣布降低旗下科创50ETF的费率。在业内人士看来，ETF费率的降低将进一步发挥ETF低成本的优势，提高对中长期资金的吸引力。业内人士分析认为，当前ETF市场渐成“红海市场”，对于基金管理人而言，要想在激烈的行业竞争中突围，除了提供低费率产品，还要加强对产品的前瞻性研究和创新性布局，并提供专业的服务，满足投资者多样化需求。 (上证报),2023-09-26 03:40:33
184,打造第二增长曲线 公募争设专业子公司,【打造第二增长曲线 公募争设专业子公司】财联社9月26日电，进入2023年，公募基金“看天吃饭”单一模式遭遇发展瓶颈，在政策的支持下，头部公募公司积极布局专业子公司。其中，REITs、私募股权投资、基金投顾、养老金融服务等业务受到基金公司的重点关注。在业内人士看来，在公募行业从高速发展转向高质量发展的过程中，基金公司设立专业子公司开拓新业务是实现差异化发展的一个重要方式，也是打造第二增长曲线的必经之路。 (上证报),2023-09-26 03:52:59
185,美股三大指数收盘均小幅上涨 大型科技股普涨,【美股三大指数收盘均小幅上涨 大型科技股普涨】财联社9月26日电，美股三大指数收盘均小幅上涨，纳指涨0.45%，标普500指数涨0.4%，道指涨0.13%。大型科技股普涨，亚马逊、奈飞、英伟达涨超1%，微软、谷歌、特斯拉、苹果、Meta小幅上涨。银行股多数上涨，摩根大通、富国银行、高盛、花旗小幅上涨，摩根士丹利、美国银行小幅下跌。,2023-09-26 04:00:25
186,热门中概股涨跌不一 理想汽车跌近10%,【热门中概股涨跌不一 理想汽车跌近10%】财联社9月26日电，热门中概股涨跌不一，纳斯达克中国金龙指数跌1.10%。理想汽车跌近10%，蔚来、京东跌超2%，哔哩哔哩、富途控股、阿里巴巴、网易跌超1%，百度、微博小幅下跌。小鹏汽车、唯品会涨超1%，拼多多、腾讯音乐、爱奇艺、满帮小幅上涨。法拉第未来重挫超24%，总市值仅剩5500万美元，创历史新低。,2023-09-26 04:00:46
187,中小基金公司争相入局 ETF赛道越来越“卷”,【中小基金公司争相入局 ETF赛道越来越“卷”】财联社9月26日电，近年来，ETF市场高速发展。在这过程中，不仅头部基金公司积极布局，不断拓展产品线，而且中小基金公司也陆续加入竞争行列。今年以来，鹏扬、西藏东财、兴银等中小基金公司均成立了ETF产品。海富通、永赢、平安等公司近日申报了新的ETF产品。据统计，目前约有20家中小基金公司布局ETF业务。 (上证报),2023-09-26 04:13:22
188,,财联社9月26日电，全美汽车工人联合会（UAW）称，与福特汽车关于劳资合同的磋商“非常积极”。,2023-09-26 04:14:31
189,蓝色起源的首席执行官Bob Smith辞职,【蓝色起源的首席执行官Bob Smith辞职】财联社9月26日电，蓝色起源的首席执行官Bob Smith辞职。公司将任命原亚马逊高管Dave Limp为新的CEO，以接替现任Smith将于12月4日辞职之后留下的职位空缺。,2023-09-26 04:21:04
190,青海果洛州玛多县发生3.0级地震,【青海果洛州玛多县发生3.0级地震】财联社9月26日电，中国地震台网正式测定：09月26日04时17分在青海果洛州玛多县（北纬35.57度，东经99.13度）发生3.0级地震，震源深度10千米。,2023-09-26 04:31:24
191,业内人士：TMT板块经过前期调整后 算力、游戏等细分赛道性价比逐步显现,【业内人士：TMT板块经过前期调整后 算力、游戏等细分赛道性价比逐步显现】财联社9月26日电，8月以来持续调整的科技股，正在获得越来越多机构加码布局。最新披露的华润信托阳光私募股票多头指数（CREFI指数）月报显示，8月CREFI指数成分基金持仓增幅最大的行业为技术硬件与设备。与此同时，数据显示，9月以来多只科技相关ETF获得大额净申购，部分头部私募重仓科技板块。在业内人士看来，TMT板块经过前期调整后，算力、游戏等细分赛道性价比逐步显现；港股科技股估值处于历史低位，相关龙头企业值得关注。 (上证报),2023-09-26 04:38:02
192,富国银行退出做多美国10年期通胀保值国债的交易策略,【富国银行退出做多美国10年期通胀保值国债的交易策略】财联社9月26日电，美国10年期通胀保值国债(TIPS)收益率升逾2.15%之际，富国银行策略师周一退出8月21日的建议，当时其建议在实际收益率为2%的水平买入10年期TIPS，未来两到三个月的收益率目标位为1.7%，止损设在2.15%。自从美联储9月20日暗示利率可能会在明年很长一段时间内保持高位以来，美国国债实际和名义收益率均已上升。更广泛的做多美国债券的建议是“建立在美联储很快暗示结束加息的基础之上，而这不是美联储周三发出的信息，”Angelo Manolatos和Mike Schumacher在报告中表示。,2023-09-26 04:39:18
193,今年以来发债规模突破万亿元 券商再融资“股冷债热”,【今年以来发债规模突破万亿元 券商再融资“股冷债热”】财联社9月26日电，今年以来，券商发债融资热情持续高涨，与低迷的股权再融资形成鲜明对照。近日，东方证券、财通证券、国元证券等多家券商获批发行公司债，规模均在百亿元级别。今年以来，券商发债融资规模已超过去年同期。数据显示，截至9月24日，券商今年以来已通过发行普通公司债、次级债、短期融资券累计募资10704.53亿元，而去年同期的发债规模合计为8937.68亿元，同比增长19.77%。券商发债规模为何大增？业内人士表示，当前券商发债踊跃，主要有三方面因素影响：一是业务发展和自身融资现金流的需要；二是“宽货币”环境下市场利率水平总体较低，有利于降低发债融资成本；三是受权益市场表现影响，券商股权再融资放缓，券商通过债券融资补充净资本，增强资产流动性。 (上证报),2023-09-26 04:49:46
194,澳大利亚一潜艇发生火灾 澳军方称无人伤亡,【澳大利亚一潜艇发生火灾 澳军方称无人伤亡】财联社9月26日电，据澳大利亚媒体当地时间9月26日报道，澳大利亚一艘柯林斯级潜艇在海上发生电气火灾。澳大利亚军方发言人表示，大火已被扑灭，无人伤亡。 (央视新闻),2023-09-26 04:51:45
195,,财联社9月26日电，韩国9月消费者信心指数为99.7，前值103.1。,2023-09-26 05:00:33
196,减持新规重塑市场生态 一个月逾百家上市公司股东按下减持“终止键”,【减持新规重塑市场生态 一个月逾百家上市公司股东按下减持“终止键”】财联社9月26日电，从8月27日中国证监会宣布进一步规范股份减持行为至今，已有超过百家上市公司的股东终止减持计划。其中，上市公司控股股东、实际控制人、董监高是终止减持的“主力”，在终止减持案例中占比约八成。 (上证报),2023-09-26 05:04:54
197,离岸人民币兑美元较上周五纽约尾盘跌167点,【离岸人民币兑美元较上周五纽约尾盘跌167点】财联社9月26日电，离岸人民币（CNH）兑美元北京时间04:59报7.3157元，较上周五纽约尾盘跌167点，盘中整体交投于7.2946-7.3180元区间。,2023-09-26 05:07:08
198,今年以来千余家上市公司变更募投项目 专家提醒警惕频繁变更带来相关风险,【今年以来千余家上市公司变更募投项目 专家提醒警惕频繁变更带来相关风险】财联社9月26日电，数据显示，截至9月24日，年内已有1147家公司披露募投项目变更。整体来看，主要有两种表现形式，一种是“小修小补”，即在原有项目基础上进行细节调整，包括调整实施地点、实施时间、实施主体等。而另一类则是“大改特改”，彻底改变募集资金的投向，甚至把募资用途变为偿还银行借款或永久补充流动资金等。中国金融智库特邀研究员余丰慧表示，投资者应关注上市公司相关募投项目的合理性和可行性，考虑整个公司的财务状况、行业前景、管理团队等因素。同时，也应密切关注公司的信息披露，及时了解募投项目的变化情况和相关风险提示。如果募投项目频繁变更，投资者可能需要重新评估公司的可靠性和投资价值，以免遭受损失。 (证券日报),2023-09-26 05:14:29
199,外商独资公募看好中国市场投资潜力 多元化布局新发产品线,【外商独资公募看好中国市场投资潜力 多元化布局新发产品线】财联社9月26日电，今年以来，在外商独资公募队伍快速扩容的背景下，外商独资公募产品“上新”也在提速。当前海外资管巨头加速布局中国基金市场。根据数据统计，截至2023年9月25日，今年以来，全市场已经有至少45只（不同份额产品分开计算）外商独资公募产品正式成立，合计发行规模超过160亿元。外商独资公募对于基金产品的排兵布阵各有不同。布局合格境内机构投资者基金产品的外商独资公募占比较多，在上述45只已成立的外商独资公募产品中，有15只为QDII基金。从产品类型来看，被动指数型QDII基金较多，另外FOF型、偏股混合型、普通股票型、REITs型等QDII基金均有布局，产品类别较为丰富。 (证券日报),2023-09-26 05:21:58
200,八大首席经济学家展望四季度宏观经济：复苏向好态势延续消费、房地产等表现值得期待,【八大首席经济学家展望四季度宏观经济：复苏向好态势延续消费、房地产等表现值得期待】财联社9月26日电，记者采访了民生银行首席经济学家温彬等八位“首席”。受访首席经济学家普遍认为，随着三季度宏观政策加码发力，国民经济恢复向好，三季度GDP同比增速或达到4.6%以上。四季度宏观经济将延续三季度的复苏态势，尤其消费、房地产等方面表现值得期待。此外，四季度货币政策、财政政策和产业政策仍有发力空间。 (证券日报),2023-09-26 05:26:56
201,央企战略性新兴产业发展基金助相关产业扬优势、补短板,【央企战略性新兴产业发展基金助相关产业扬优势、补短板】财联社9月26日电，“中国国新正在积极筹设中央企业战略性新兴产业发展基金，且有望在年内完成筹设和启动运营。”这是刚刚结束的第六届中国企业论坛上传来的一则重磅消息。记者进一步获悉，该基金以重大战略为导向。在产业突破方面，通过并购重组、培育孵化、成果转化等方式，多借助外部力量，多寻找外部优质项目，助力中央企业战略性新兴产业扬优势、补短板。在优化“面”的布局上，将梳理和细化产业板块不同的领域，坚持突出重点，牵引带动中央企业产业基金和社会资本，共同构建央企战略性新兴产业子基金群，加快形成全局性、多层次、高质量的产业布局。 (证券日报),2023-09-26 05:32:10
202,减持新规出台以来 A股上市公司重要股东减持金额同比降逾七成,【减持新规出台以来 A股上市公司重要股东减持金额同比降逾七成】财联社9月26日电，自8月27日证监会出台新规进一步规范股份减持行为以来，A股上市公司重要股东（包括控股股东、实际控制人、大股东、董监高等，下同）减持规模明显下降。据数据统计，8月28日至9月25日，上市公司重要股东减持金额同比下降71.44%。 (证券日报),2023-09-26 05:38:14
203,基金密集恢复大额申购 公募逆势布局中长期行情,【基金密集恢复大额申购 公募逆势布局中长期行情】财联社9月26日电，在市场处于相对低点之时，基金产品密集放开大额限制，重新“开门迎客”。9月25日，包括建信灵活配置混合型证券投资基金、南方兴锦利一年定期开放债券型发起式证券投资基金、长信乐信灵活配置混合型证券投资基金等在内的多只基金公告将恢复大额申购。接受采访的基金业内人士认为，基金恢复大额申购一般是因为对后市信心较强、基金策略能够承载更大规模等。同时，从近期的市场观察来看，积极性因素正在累积并产生效果，目前是逆势布局的较好时点。 (证券日报),2023-09-26 05:42:46
204,超六成私募看好A股中短期表现,【超六成私募看好A股中短期表现】财联社9月26日电，随着“双节”假期临近，投资者对于持股还是持币过节的问题，也将做最后抉择。9月25日，记者设计问卷并委托第三方机构进行的调查结果出炉。问卷调查结果显示，占比超一半的私募机构在长假持股、持币的抉择上，明显更倾向于“重仓或满仓持股”，选择轻仓或持币过节的私募占比则不足一成。超六成私募表示相对看好长假之后的A股短中期表现，其中，白马股最受关注。 (中证报),2023-09-26 05:59:39
205,经济日报：客运站转型势在必行,【经济日报：客运站转型势在必行】财联社9月26日电，经济日报第十版文章指出，供求关系决定了汽车客运市场的变化。据统计，截至去年底，全国二级以上汽车客运站有2800余个，客运业务普遍收不抵支，仅约20%汽车客运站通过“以商养站”等方式实现盈亏平衡，转型发展需求日益迫切。汽车客运站转型发展必须认清现状，进一步优化资源配置。各地情况不尽相同，汽车客运站在转型发展上不能千篇一律，要因地制宜、因企施策，创新发展路径。汽车客运站转型发展还离不开政策资金的扶持引导。同时，要采取相应政策措施鼓励客运站发挥企业主体责任，积极吸引社会资本投入，推动汽车客运站平稳转型。,2023-09-26 06:17:03
206,经济日报：稳汇率的关键是稳预期,【经济日报：稳汇率的关键是稳预期】财联社9月26日电，经济日报第五版文章称，展望下半年，尽管存在国内需求不足，一些企业经营困难，房地产、地方债领域风险隐患较多，国际形势复杂严峻等问题和挑战，但是我国基本面改善势头强劲，外汇供大于求格局不会逆转，稳汇率的基础更加牢靠。稳汇率的关键是稳预期。经济基本面是形成人民币汇率水平和趋势的决定性因素，是稳定市场预期的核心。要保持人民币汇率在合理均衡水平上的基本稳定，关键在于扎实推动经济高质量发展，供给侧结构性改革和拉动内需并重，实现经济提质增效并保持合理增速，继续巩固贸易大国和强国的地位，构建国际收支自主均衡的体制机制，将经常账户顺差控制在国际公认的合理范围内。,2023-09-26 06:18:12
207,周二你需要知道的隔夜全球要闻,"【周二你需要知道的隔夜全球要闻】
1、穆迪警告，若美国政府“关门”，将对其信用评级造成负面影响。
2、欧美股市涨跌不一，纳指涨0.45%，标普500指数涨0.4%，道指涨0.13%。热门中概股多数下跌，法拉第未来跌超24%，创历史新低。欧洲主要股指集体收跌，德国DAX30指数跌0.99%。
3、标普将美国今年经济增速预测从1.7%提高至2.3%，预计还会再加息一次。
4、芝加哥期权交易所全球市场和标普道琼斯指数将于9月27日推出CBOE标普500离散指数。
5、欧洲央行行长拉加德表示，欧洲央行并未讨论降息。
6、法国总统宣布召回驻尼日尔大使并撤军。
7、法国总统马克龙表示，法国将于10月份重获电价控制权。
8、白俄罗斯总统签署总统令，管理境内民用无人机的生产、销售及使用。
9、美国能源部长格兰霍姆表示，美国计划在10年内建造核聚变发电厂。
10、美油、布油期货结算价涨跌不一。WTI原油11月合约跌0.39%，布伦特原油11月合约涨0.02%。
11、苹果供应商预计将花费数百亿日元，推动在泰国北部的兰埔省工厂到2028年实现全面生产。
12、诺和诺德与科技公司Valo Health达成人工智能药物协议，价值可达27亿美元。
13、亚马逊云服务CEO表示，AWS用户获得Anthropic AI工具的早期接入权限。
14、Getty Images宣布推出生成式AI工具。
15、福特汽车表示，将在密歇根州Marshall暂停其电动汽车电池工厂的建造工作。
16、韩国三星电子计划10月份开始在印度生产笔记本电脑。
17、COMEX 12月黄金期货结算价收跌0.46%，COMEX 12月白银期货结算价收跌1.92%。
18、周一美联储隔夜逆回购协议使用规模为1.437万亿美元。",2023-09-26 06:29:34
208,加力打击违规行为 减持生态料优化,【加力打击违规行为 减持生态料优化】财联社9月26日电，北纬科技等公司9月22日公告，公司控股股东、实际控制人承诺不减持公司股份；西测测试9月18日披露了关于持股5%以上股东及其一致行动人减持股份累计达到1%暨减持计划实施进展及致歉公告；我乐家居大股东及其一致行动人违规减持股票被从重从快追究行政法律责任……在市场人士看来，8月27日减持新规发布以来，上市公司股东积极响应，以及监管部门严惩违规减持行为，在给予公司和投资者信心的同时，也对活跃资本市场有所帮助。随着监管部门不断提升规则效力层级，细化相关责任条款，加大对违规减持行为打击力度，将进一步改善A股投资生态。 (中证报),2023-09-26 06:34:55
209,瞄准睡眠账户 银行开启新一轮清卡行动,【瞄准睡眠账户 银行开启新一轮清卡行动】财联社9月26日电，针对持卡人长期不用且零余额的睡眠银行卡，近日，交通银行等多家银行启动新一轮“清卡”行动。对于“清卡”原因，多家银行表示，是为有效防范电信网络新型违法犯罪，保障客户的账户与资金安全和合法权益。分析人士表示，开户数量过多不利于持卡人对账户及资产妥善管理，也造成了银行资源的浪费。 (中证报),2023-09-26 06:38:39
210,机构和专家：港股底部特征较为明显 部分优质行业板块和个股正迎来买入良机,【机构和专家：港股底部特征较为明显 部分优质行业板块和个股正迎来买入良机】财联社9月26日电，港股主要指数9月25日出现回调。部分业内机构和专家表示，港股底部特征较为明显，部分优质行业板块和个股正迎来买入良机。从资金流向来看，南向资金也在加速入场。 (中证报),2023-09-26 06:39:26
211,改革效应良好 投资者积极开通北交所权限,【改革效应良好 投资者积极开通北交所权限】财联社9月26日电，记者获悉，北京证券交易所近日在行业内下发《北交所深改投资者入市工作简报》。北交所表示，改革效应良好，投资者积极入市。数据显示，北交所投资者适当性改革落地以来，累计新增开通北交所权限账户数为254471户（截至9月15日，下同）；超一半科创板投资者账户已开通北交所权限。9月11日至15日一周，新增开通北交所权限账户数前五名券商分别为长江证券、招商证券、海通证券、平安证券、东方财富证券。 (中证报),2023-09-26 06:41:33
212,9月以来逾1500家A股公司获机构调研,【9月以来逾1500家A股公司获机构调研】财联社9月26日电，Wind数据显示，截至9月25日，9月以来共有1566家A股上市公司被机构调研，新能源汽车产业链、苹果产业链相关上市公司受到机构青睐。 (中证报),2023-09-26 06:43:07
213,,财联社9月26日电，澳大利亚10年期国债收益率悉尼盘初上涨11个基点，追随隔夜中长期美债收益率上涨的表现。,2023-09-26 06:43:36
214,业内人士：在监管大力推进下 各地“一省一策”推进农信社改革化险步伐加快,【业内人士：在监管大力推进下 各地“一省一策”推进农信社改革化险步伐加快】财联社9月26日电，国家企业信用信息公示系统网站日前公布，辽宁农村商业银行股份有限公司已于9月19日成立。今年以来，多地农信社改革取得新进展，部分农商联合银行、省级农商行获批筹建。业内人士表示，在监管大力推进下，各地“一省一策”推进农信社改革化险步伐加快，将在支持本地经济发展中发挥更多作用。 (中证报),2023-09-26 06:44:10
215,“加长版黄金周”将至 旅游业复苏提速,【“加长版黄金周”将至 旅游业复苏提速】财联社9月26日电，今年中秋节和国庆节的“加长版黄金周”，将进一步释放消费潜力，“一票难求”等词条冲上热搜。中国铁路数据显示，9月22日，铁路售票量达2695.2万张，再创单日售票量历史新高。9月13日至22日，铁路已累计发售车票1.99亿张。专家表示，在探亲游、出境游、亚运游等多重需求交织下，今年中秋节和国庆节假期将迎来一个大众出游高峰期，文化市场恢复势头强劲，旅游业复苏提速。 (中证报),2023-09-26 06:45:55
216,俄称打击乌雇佣兵营地 乌称打击俄目标,【俄称打击乌雇佣兵营地 乌称打击俄目标】财联社9月26日电，俄罗斯国防部25日通报称，在过去24小时，俄军对乌方的外国雇佣兵临时驻扎营地和武装破坏人员培训基地进行了打击。防空系统拦截了7枚“海马斯”火箭弹，击落33架无人机。在顿涅茨克和赫尔松地区，对乌方指挥观察点和军火库进行打击，击退乌方在顿涅茨克地区的7次进攻。乌克兰武装部队总参谋部同一天发布战报称，在过去24小时，前线地区发生17次战斗。乌克兰空军、火箭炮和炮兵部队对俄人员武器装备集中区、俄防空系统、弹药库等实施了打击，摧毁俄军9门火炮和1个电子战设施。,2023-09-26 06:46:45
217,券商调研热情高涨 黄金股备受关注,【券商调研热情高涨 黄金股备受关注】财联社9月26日电，Wind数据显示，截至9月25日，9月以来券商累计调研逾800只个股，环比增长约45%。值得一提的是，随着近段时间黄金珠宝销售热度提升，周大生、潮宏基、菜百股份等黄金概念股受到券商关注。在机构调研中，重点涉及黄金市场销售情况、产品布局、未来市场需求等多方面内容。有券商研报预计，黄金珠宝相关公司业绩有望受益于“金九银十”旺季与新产品周期催化共振。 (中证报),2023-09-26 06:47:45
218,AI商业化加快 终端算力市场机会凸显,【AI商业化加快 终端算力市场机会凸显】财联社9月26日电，随着大模型应用触达C端，个人用户终端的算力将成为新需求。微软AI助手Copilot计划9月26日起嵌入Office等核心应用程序。业内人士表示，AI大模型应用将给算力市场带来广泛影响。算力在云服务市场增长的同时，将加速在终端市场渗透，并驱动消费电子市场发展。 (中证报),2023-09-26 06:49:08
219,“北溪”管道爆炸事件一周年 俄方坚持主张进行公开透明的调查,【“北溪”管道爆炸事件一周年 俄方坚持主张进行公开透明的调查】财联社9月26日电，一年前的今天，也就是2022年9月26日，俄罗斯经波罗的海向欧洲输送天然气的“北溪”管道遭遇爆炸事件。俄罗斯驻德国大使涅恰耶夫25日表示，迄今为止，调查这一事件的相关国家尚未得出任何具体结果；对于这起对德国和俄罗斯造成了严重损害的袭击事件，俄方将坚持要求进行尽可能公开透明的调查，并确保真相公之于众。,2023-09-26 06:49:49
220,委内瑞拉驻哥伦比亚大使馆重新开馆,【委内瑞拉驻哥伦比亚大使馆重新开馆】财联社9月26日电，委内瑞拉驻哥伦比亚大使馆当地时间9月25日恢复运作。这是时隔4年后，委内瑞拉重新在哥伦比亚开设使馆。去年8月，哥伦比亚驻委内瑞拉大使抵达委内瑞拉首都加拉加斯，这标志着两国恢复全面外交关系。 (央视新闻),2023-09-26 06:50:22
221,A股公司密集披露增持回购计划,【A股公司密集披露增持回购计划】财联社9月26日电，9月以来，已有上百家A股公司发布增持或回购相关公告，部分公司同时披露了增持和回购计划。业内人士表示，上市公司实控人、董监高等基于对公司未来发展的坚定信心和长期价值高度认可，纷纷选择增持，增持和回购向市场传递出稳定发展的信心。 (中证报),2023-09-26 06:52:21
222,套期保值管理风险 成为上市公司主要选择,【套期保值管理风险 成为上市公司主要选择】财联社9月26日电，近年来，国务院、证监会就持续提升上市公司质量、支持上市公司健康发展等发布了一系列政策文件。上市公司利用期货衍生品工具管理风险的比例不断提高。9月21日，由中国上市公司协会、郑州商品交易所、北京证监局联合举办的上市公司风险管理及套期会计专题培训班（第一期）在北京顺利举办。记者在现场了解到，此次培训邀请了监管机构、证券交易所、高等院校以及会计师事务所等单位的专家讲师，围绕“期货市场功能及展望”“期货市场助力上市公司稳健经营”“上市公司套期会计运用情况”“上市公司套期保值业务信息披露要点及案例”等内容进行授课，课程体系设计科学，内容全面，针对性强。来自华能国际、五矿发展、恒力石化等70余家上市公司，以及中国盐业集团、国家能源集团等多家央企总部的近200人参加了本次培训。 (中证报),2023-09-26 06:54:26
223,政策效果渐显 民企生产经营预期改善,【政策效果渐显 民企生产经营预期改善】财联社9月26日电，8月中小企业发展指数连续三个月回升、制造业生产经营活动预期指数和服务业业务活动预期指数均保持在较高景气区间……近期公布的多项高频数据显示，支持民营企业发展壮大系列政策效果正在显现。专家认为，稳经济合力加快凝聚，有助于进一步改善民企生产经营预期，激发民间投资活力。 (中证报),2023-09-26 06:56:18
224,存量房贷利率下调 提前还贷需求减少,【存量房贷利率下调 提前还贷需求减少】财联社9月26日电，存量首套房贷利率9月25日起正式下调。记者了解到，存量房贷利率下调后，对于部分利率“高位站岗”的借款人而言，还款付息压力明显减弱，提前还贷需求也随之降低。多家银行表示，目前提前还贷业务减少，还有部分已预约提前还贷的客户选择撤销申请。 (中证报),2023-09-26 06:57:56
225,欧洲天然气价格收于5个月高位 挪威供应风险重燃,【欧洲天然气价格收于5个月高位 挪威供应风险重燃】财联社9月26日电，由于挪威的供应再度面临风险，欧洲基准天然气价格收于4月初以来最高水平。近月期货合约上涨12%，此前一度触及45欧元。将于本周到期的10月合约目前交投最为活跃，因此其走势对看涨因素较为敏感。Engie EnergyScan的分析师在一份报告中写道，期权到期前“在每兆瓦时40欧元的水平以上进行空头回补”可能持续提供支撑。挪威Skarv油气田减产以及大型Troll气田的新问题都加剧了周一的涨势。此外，咨询公司Zenergi表示，随着欧洲取暖季正式拉开序幕，下个月标志着天然气新一年的开始，因此9月的最后一周往往是看涨的。,2023-09-26 06:59:51
226,【研选】重磅!《深化集体林权制度改革方案》印发，林业碳汇是盘活林业资产的最有效手段，相关公司有望直接受益；新疆特色优势农产品加工企业，三大品种景气共振，核心产品以出口为主，前三季度业绩预告实现翻倍增长,"①重磅!《深化集体林权制度改革方案》印发，林业碳汇是盘活林业资产的最有效手段，相关公司有望直接受益；
②新疆特色优势农产品加工企业，三大品种景气共振，核心产品以出口为主，前三季度业绩预告实现翻倍增长。",2023-09-26 07:01:40
227,周二（9月26日）重点关注财经事件和经济数据,"【周二（9月26日）重点关注财经事件和经济数据】
①15:00 欧洲央行首席经济学家Lane、欧洲央行管委Simkus讲话；
②16:00 欧洲央行管委Madis Muller讲话；
③21:00 美国7月S&P/CS20座大城市房价指数，7月FHFA房价指数；
④22:00 美国8月新屋销售，9月谘商会消费者信心指数；
⑤时间待定 美国众议院就临时拨款法案进行投票；
⑥次日00:30 欧洲央行管委Holzmann讲话；
⑦次日01:30 美联储理事鲍曼讲话；
⑧次日04:30 美国石油协会（API）发布行业版原油库存周报。",2023-09-26 07:02:27
228,机器人在活体肺组织内“半自主导航”,【机器人在活体肺组织内“半自主导航”】财联社9月26日电，有些肿瘤非常小，隐藏在肺组织深处，医生很难触及它们。为应对这一挑战，美国北卡罗来纳大学教堂山分校和范德比尔特大学研究人员一直在研究一种能穿越肺组织的极其柔韧但坚固的机器人。他们在《科学·机器人》杂志上最新发表的一篇论文中，展现了新机器人可自主地从“A点”出发到达“B点”，同时避开活体实验室模型中的重要结构，例如微小气道和血管。,2023-09-26 07:14:52
229,新研究称外星生命或不以碳为基础,【新研究称外星生命或不以碳为基础】财联社9月26日电，美国科学家开展的一项新研究发现，许多行星上可能存在所谓的“自催化”化学反应，其能使用碳以外的多种化学元素，制造出与地球上的碳基生命截然不同的生命形式。相关研究论文刊发于最新一期《美国化学会杂志》。,2023-09-26 07:15:52
230,新政落地效果显现：多城新房周成交量环比翻倍 上海二手房单日成交量创4月以来新高,【新政落地效果显现：多城新房周成交量环比翻倍 上海二手房单日成交量创4月以来新高】财联社9月26日电，8月底，多部委落地多项政策组合拳，各地政策落地节奏加快，对购房者情绪带动明显。不过，受前期政策严厉程度不同、市场基本面及房价预期不同等因素影响，城市表现分化，部分核心城市政策效果逐渐显现。从周度情况看，上周（9.18-9.24），诸葛找房数据研究中心监测重点城市新房成交环比上升58.18%，二手住宅成交环比上升7.5%。分城市来看，上海、北京、东莞、郑州等地新房成交量实现翻倍增长，青岛、无锡、苏州等城涨幅可观，环比涨幅均在70%以上；东莞、郑州二手房涨幅领跑，环比涨超80%，上海单日二手房成交量创4月以来新高。 (澎湃新闻),2023-09-26 07:27:31
231,又见无理打压！美国商务部将11个中国实体及自然人列入“实体清单”,【又见无理打压！美国商务部将11个中国实体及自然人列入“实体清单”】财联社9月26日电，美国商务部工业与安全局当地时间周一（9月25日）在《联邦公报》（美国政府公报）刊登了一份定于9月27日发布的行政措施，准备将28个实体添加到出口管制名单，即所谓的“实体清单”。 28个实体中，10个实体和1名自然人来自中国、来自俄罗斯和巴基斯坦的分别有5个、来自芬兰的有3个、来自阿曼的有2个、来自德国和阿联酋的各有1个。其中包括中国科学院国家天文台南京天文光学技术研究所、杭州富阳科拓机械有限公司和桂林阿尔法橡塑科技有限公司等。此外，美国商务部从实体清单中移除了浙江完美新材料科技有限公司。,2023-09-26 07:34:00
232,摩根大通：中国股票正接近“买入区”,【摩根大通：中国股票正接近“买入区”】财联社9月26日电，摩根大通表示，中国股票正在接近“买入区”。Wendy Liu和Marko Kolanovic等策略师在一份报告中写道，10月关键数据可能构成交易机会，包括“黄金周”的旅游、零售销售和房地产销售等。报告指出，“摩根大通的中国增长指数在8月份升至复苏象限，且我们认为9月还有进一步上升的空间。虽然未来几周仍可能振荡，但MSCI中国指数有望突破年迄今58左右的底部，且预计第四季有望反弹并回升至66上方。”,2023-09-26 07:42:07
233,投资日历：周二资本市场大事提醒,"【投资日历：周二资本市场大事提醒】
①今日共有1只新股申购，为北交所的骑士乳业(832786)。
②上海市政府将于9月26日举行新闻发布会，介绍上海推进全球著名体育城市建设等有关情况。
③微软：AI Copilot将于9月26日在Windows系统铺开。
④2023汽车半导体生态峰会暨全球汽车电子博览会将于9月26日至27日在深圳举办。
⑤2023世界设计之都大会将于9月26日开幕，主会期为9月26日至28日，展览和活动延续至10月2日。
⑥横琴口岸客货车联合一站式部分车道9月26日正式通行。
⑦全国首单红树林保护碳汇将于9月26日在深圳进行拍卖。
⑧润达医疗：公司大模型“良医小慧”的产品发布会将于9月26日在上海举行。
⑨朝鲜第十四届最高人民会议第九次会议召开。
⑩今日有2080亿元7天期逆回购到期。
⑪今日将公布美国8月新屋销售总数年化等数据。",2023-09-26 07:42:22
234,今日申购指南及新股定位分析,【今日申购指南及新股定位分析】财联社9月26日电，今日有1只新股申购，为北交所的骑士乳业；1只新股上市，为北交所的科强股份。,2023-09-26 07:42:27
235,月末叠加跨季流动性有所收紧 央行加码逆回购呵护资金面,【月末叠加跨季流动性有所收紧 央行加码逆回购呵护资金面】财联社9月26日电，近期央行逆回购量较大。上周（9月18日至9月22日），公开市场到期7040亿元，均为7天期逆回购到期。投放12560亿元，其中7天期逆回购7660亿元、14天期逆回购4900亿元，合计净投放5520亿元。对于上述操作，光大银行金融市场部宏观研究员周茂华对记者表示，受短期公开市场到期工具量相对较大、月末跨季和节日临近、专项债发行节奏加快等影响，近期银行间市场流动性明显收敛，短期资金利率升至政策利率上方，尤其是14天期利率明显上升，反映跨季、跨节短期资金需求明显增加。央行近期加大公开市场操作，实现资金净投放，重启14天期逆回购操作，以满足机构短期资金需求，释放呵护资金面信号。,2023-09-26 07:47:34
236,中信建投：工业互联网与工业自动化将是实现新型工业化的关键领域,【中信建投：工业互联网与工业自动化将是实现新型工业化的关键领域】财联社9月26日电，中信建投指出，围绕新型工业化发展需求，走自主可控之路推动制造业数字技术与实体经济融合；工业互联网与工业自动化将是实现新型工业化的关键领域；后续有望围绕产业链韧性与安全水平推进新型工业化落地配套实施方案，推荐工业互联网、工业母机、工控软件、半导体等方向。,2023-09-26 07:50:53
237,【九点特供】一图前瞻国庆节前后国内外重要数据；25亿元27个机器人项目集中签约，机器人应用落地正在加速且国内8-9月订单边际向好，这家公司四轴机器人加速时间更短，定位精度更高,"①25亿元27个机器人项目集中签约，机器人应用落地正在加速且国内8-9月订单边际向好，这家公司四轴机器人加速时间更短，定位精度更高；
②30年发电效率大于86.9%，龙头发布全球首款搭载BC电池的BIPV产品，机构认为设备厂商率先受益行业扩产，这家公司2022年取得该电池领域40GW量产订单；
③海外映射：拜登政府希望在10年内建立一座商业核聚变设施，届时净能量收益多出50%。",2023-09-26 07:52:07
238,华泰证券：看好快充板块景气度提升,【华泰证券：看好快充板块景气度提升】财联社9月26日电，华泰证券指出，快充技术或重演智能手机发展中的角色、成为新能源汽车发展中的重要催化，而快充应用的落地需自下而上打通“网-桩-车”三端，为快充体验的兑现扫清障碍，看好板块景气度提升。,2023-09-26 07:55:46
239,中信建投：酒企运营仍有分化 坚定龙头企业长期价值,【中信建投：酒企运营仍有分化 坚定龙头企业长期价值】财联社9月26日电，中信建投指出，当前白酒市场对于中秋预期较为平淡，对于消费升级趋势放缓有所担忧，板块处于“低情绪”、“低预期”状态中，市场交易拥挤度、活跃度、融资力度回落至历史较低水平。白酒龙头企业凭借运营优势及创新营销能力，有望实现稳中求进高质量发展。站在长期维度考虑，高端酒具备良好的投资价值，随着宏观经济回暖次高端也有望在年内迎来预期回升。,2023-09-26 07:56:29
240,,财联社9月26日电，日经225指数低开0.12%。韩国首尔综指基本持平。,2023-09-26 08:01:23
241,中信证券：巨头布局加速产业化 看好合成生物学龙头,【中信证券：巨头布局加速产业化 看好合成生物学龙头】财联社9月26日电，中信证券研报指出，近期，巴斯夫和陶氏在生物基BDO和PDO有相关动作，早些时候，东丽、DSM、索维尔、奇华顿、雀巢等各行业全球龙头公司均在合成生物学领域有所布局。我们认为传统领域巨头的积极探索有助于加快合成生物学作为新兴技术的产业化进度和对各行业的变革，看好拥有先发优势、丰富产品管线和工程化能力的相关合成生物学龙头企业。,2023-09-26 08:05:24
242,中信证券：供求关系悄然转向 生物育种产业化迫近,【中信证券：供求关系悄然转向 生物育种产业化迫近】财联社9月26日电，第20届全国种子“双交会”上发布最新全国种子供需形势，2023/24年“两杂种子”严重供大于求。中信证券研报认为，生物育种产业化落地迫近；转基因技术呈现求稳、求新、求差异化趋势；除转基因技术外，还应高度关注其他生物育种技术的研发及应用进展；2023/24销售季行业竞争激烈，具备品种优势、预售进度快的企业或有效回避激烈的竞争；中长期来看，行业集中度也有望持续提升，有利于种业长期高质量发展。建议积极配置种业与生物育种板块。,2023-09-26 08:11:23
243,财联社9月26日早间新闻精选,"【财联社9月26日早间新闻精选】
1、中办、国办印发《深化集体林权制度改革方案》。其中提出，支持符合条件的林业碳汇项目开发为温室气体自愿减排项目并参与市场交易，探索实施林业碳票制度。
2、华为25日宣布，将于11月发布首款轿车智界S7。华为终端BG CEO余承东表示，智界S7将在各个规格上超越Model S。余承东表示，华为Mate 60系列广受消费者喜爱，目前正加班加点紧急生产。
3、北交所投资者适当性改革落地以来，累计新增开通北交所权限账户数为254471户(截至9月15日) ；逾一半科创板投资者账户已开通北交所权限。
4、北向资金25日大幅净卖出80.39亿元。三花智控、顺丰控股、中国平安分别遭净卖出3.45亿元、2.44亿元、1.79亿元。隆基绿能净买入额居首，金额为2.51亿元。
5、三连板华脉科技公告，公司业务侧重于通信基础设施方面，不涉及人工智能。
6、常山药业发布股票交易异动公告称，公司没有涉及减肥功效产品的收入。
7、赛力斯公告，赣锋锂业拟10亿元认购瑞驰电动新增注册资本1亿元。
8、四连板精伦电子公告，目前在新型工业化方面尚未形成销售和服务收入。
9、6天4板丰华股份公告，与华为没有业务往来，不是华为的供应商。
10、美股三大指数周一小幅收涨，纳指涨0.45%，标普500指数涨0.4%，道指涨0.13%。热门中概股涨跌不一，纳斯达克中国金龙指数跌1.10%。理想汽车跌近10%，法拉第未来重挫超24%，创历史新低。欧洲主要股指集体收跌，德国DAX30指数跌0.99%。
11、美国10年期和30年期国债收益率再创多年以来新高，10年期国债收益率上涨9.97个基点，报4.5334%；30年期国债收益率上涨12.76个基点，报4.6521%。
12、标普称，现预计美国经济今年将增长2.3%，之前预计为1.7%。
13、穆迪表示，若联邦政府停摆，美国信用评级将受负面影响。
14、鉴于美联储料维持紧缩货币政策，最大美国长期国债ETF从历史高位累计暴跌48%。
15、受挪威供应风险影响，欧洲基准天然气期货结算价创下5个月高点，涨幅达到12%。
16、俄罗斯考虑调整石油产品出口禁令，排除船用燃料油等品种。
17、欧洲央行行长拉加德表示，只要有必要，利率会持续保持在限制性水平以遏制通胀。
18、朝鲜宣布从9月25日起外国人可依照规定入境朝鲜，入境后需接受2天医学隔离。",2023-09-26 08:12:21
244,【点金互动易】减肥药+创新药，利拉鲁肽仿制药已获批II型糖尿病和减肥适应症，这家企业利拉鲁肽注射液在几百家医院实现入院销售,①减肥药+创新药，利拉鲁肽仿制药已获批II型糖尿病和减肥适应症，这家企业利拉鲁肽注射液在几百家医院实现入院销售；②拥有200余种多肽合成试剂产品，这家企业是全球少数具备全系列多肽合成试剂研发与产业化能力的公司之一。,2023-09-26 08:13:59
245,,财联社9月26日电，美国10年期国债收益率升至2007年10月以来最高4.552%。,2023-09-26 08:15:21
246,美国汽车工人罢工进入第11天 罢工继续扩大,【美国汽车工人罢工进入第11天 罢工继续扩大】财联社9月26日电，美国汽车工人联合会对底特律三大汽车制造商的罢工当地时间25日进入第11天，罢工潮进一步扩大。当天，又有数千名汽车工人加入罢工行列，罢工规模继续扩大。美国汽车工人联合会主席肖恩·费恩表示，目前工会与三大汽车制造商中的福特的谈判取得了一定进展，或将达成协议；但与通用和斯泰兰蒂斯两家的谈判陷入停滞，工会因此决定采取更多措施，扩大罢工范围。受罢工影响，通用和斯泰兰蒂斯的汽车零件运输受阻，分销商表示，顾客需要等上几天才能拿到所需零件，而且不知道这一情况还将持续多久。,2023-09-26 08:20:13
247,日本宫城县近海海域发生4.6级地震,【日本宫城县近海海域发生4.6级地震】财联社9月26日电，据日本广播协会（NHK）26日报道，当地时间当天上午8时39分左右，日本宫城县近海海域发生4.6级地震，最大震感为3，震源深度80公里。,2023-09-26 08:24:45
248,寒武纪：实际控制人自愿承诺不减持公司股份,"【寒武纪：实际控制人自愿承诺不减持公司股份】《科创板日报》26日讯，寒武纪公告，公司于9月25日收到了公司实际控制人、董事长、总经理陈天石出具的《承诺函》。陈天石自愿承诺：本人直接持有的公司股份（119,530,650股），自本承诺函出具之日起至2024年12月31日，将不以任何方式进行减持，包括承诺期间该部分股份若因资本公积转增、派送股票红利、配股、增发等事项产生的新增股份。",2023-09-26 08:29:21
249,摩根大通CEO称世界可能尚未准备好美联储把利率升至7%,【摩根大通CEO称世界可能尚未准备好美联储把利率升至7%】财联社9月26日电，摩根大通首席执行官杰米．戴蒙接受印度时报采访时表示，针对美联储的基准利率，最糟糕的情况是升至7%且出现滞胀。 关于升息，他表示，从5%升至7%的200个基点会比从3%升至5%更痛苦：从0%升至2%，几乎等于没有升息；从0%升至5%让一些人措手不及，但没有人会认为不可能升至5%。他说，他不确定世界是否准备好迎接7%。,2023-09-26 08:35:08
250,两市融资余额增加35.66亿元,【两市融资余额增加35.66亿元】财联社9月26日电，截至9月25日，上交所融资余额报8029.76亿元，较前一交易日增加13.73亿元；深交所融资余额报7214.79亿元，较前一交易日增加21.93亿元；两市合计15244.55亿元，较前一交易日增加35.66亿元。,2023-09-26 08:39:56
251,蜂巢能源：无钴电芯今年国内出货量预计可达160万只,【蜂巢能源：无钴电芯今年国内出货量预计可达160万只】财联社9月26日电，在蜂巢能源媒体日上获悉，公司无钴电池目前在国内主要供应某大型车企，今年出货无钴电芯预计可达160万只；海外市场方面，已与美国某储能系统上市公司已经达成供货协议，2024年初开始供货，预计每年向该储能客户供应无钴电芯80万只，后续动力市场客户预计会再扩展。 (证券时报),2023-09-26 08:51:23
252,,财联社9月26日电，富时中国A50指数期货在上一交易日夜盘收涨0.32%的基础上低开，现涨0.14%。,2023-09-26 09:00:21
253,,财联社9月26日电，国内商品期市开盘多数下跌，焦煤跌超3%，烧碱、焦炭跌超2%，燃油、纯碱跌超1%。,2023-09-26 09:00:35
254,湖北孝感：至今年年底 高学历人才买首套房最高可享10万元补贴,【湖北孝感：至今年年底 高学历人才买首套房最高可享10万元补贴】财联社9月26日电，据孝感市住建局9月25日消息，继推行购房支持政策以及认房不认贷后，湖北省孝感市中心城区购房利好政策再“加码”，即日起至2023年12月31日购房补贴范围进一步扩大，高学历人才首套房最高可享10万元补贴。具体来看，除对购买新建商品房为商铺的给予购房契税100%补贴外，公寓也纳入购房契税100%补贴范围。全日制博士研究生、硕士研究生、本科生在孝感中心城区新购买首套面积不超过144㎡的新建商品住房的，分别给予10万元、5万元、3万元的补贴。,2023-09-26 09:03:39
255,李在明拄拐离开医院赴法庭接受审查,【李在明拄拐离开医院赴法庭接受审查】财联社9月26日电，据韩国《首尔新闻》报道，当地时间9月26日早上，韩国最大在野党共同民主党党首李在明离开医院，出庭接受逮捕必要性审查。李在明是否被捕，最快将于今天晚上见分晓。,2023-09-26 09:05:34
256,【电报解读】AI商业化加快带动算力需求增加，这家企业积极推进大数据算力中心等工程建设,微软AI助手Copilot将在Windows系统全面推广，AI商业化加快带动算力需求增加，未来相关产业规模或超4.4万亿，这家企业积极推进大数据算力中心等工程建设。,2023-09-26 09:07:11
257,TCL中环调降单晶硅片价格,【TCL中环调降单晶硅片价格】财联社9月26日电，TCL中环9月26日公示本期单晶硅片价格。与最近一次8月21日调价相比，P型150微米182硅片价格每片降0.25元，报价3.10元/片；P型150微米210硅片价格每片降0.27元，报价4.08元/片；P型150微米218.2硅片价格每片降0.29元，报价4.41元/片；N型130微米210硅片价格每片降0.27元，报价4.20元/片。,2023-09-26 09:07:54
258,,财联社9月26日电，美联储卡什卡利称如果经济过于强劲，可能需要提高利率并维持更长时间；如果实际利率收紧，可能需要降息。,2023-09-26 09:11:30
259,,财联社9月26日电，集运指数（欧线）期货主力合约跌超5%，报816.3点。,2023-09-26 09:13:06
260,,财联社9月26日电，人民币兑美元中间价报7.1727，与上个交易日持平。,2023-09-26 09:16:52
261,【盘中宝】应用增长及多模态数据处理催生强烈需求，华为孟晚舟力挺需求将增加500倍，这家公司已成立研究院，布局下一代技术,Open AI推出语音和图像功能！多模态能力再次加强带来该项需求，这家公司已成立研究院，布局下一代技术。,2023-09-26 09:19:27
262,央行公开市场净投放1700亿元,【央行公开市场净投放1700亿元】财联社9月26日电，央行公开市场开展3780亿元14天期逆回购操作，中标利率1.95%，与此前持平。因今日有2080亿元逆回购到期，实现净投放1700亿元。,2023-09-26 09:21:26
263,恒生指数开盘跌0.38%,【恒生指数开盘跌0.38%】财联社9月26日电，香港恒生指数开盘跌0.38%。恒生科技指数跌0.42%。理想汽车跌超4%，腾讯跌超1%。途虎养车开盘报28港元，IPO价格为28港元。,2023-09-26 09:21:46
264,宁德时代：与福特在美建厂计划推进顺利,【宁德时代：与福特在美建厂计划推进顺利】《科创板日报》26日讯，对于福特停止与宁德时代在美建厂计划的传闻，《科创板日报》记者今日以投资者身份致电宁德时代证券部，其工作人员回应称：“是虚假消息，我们推进是顺利的。”（记者 余佳欣）,2023-09-26 09:22:39
265,猫眼娱乐高开近3% 中秋国庆11部新片上映,【猫眼娱乐高开近3% 中秋国庆11部新片上映】财联社9月26日电，截至发稿，猫眼娱乐(01896.HK)涨2.80%。消息方面，中秋叠国庆，十一电影票房有望创纪录。将有11部新片在中秋国庆假期上映，五部定档9月28日，剩余六部全在9月29日上映，除《好像也没那么热血沸腾》外，其余新片均未开启点映。光大证券研究所认为，国庆档票房有望超越2019年档期最高值44.6亿元，档期上映影片的最终票房总和（包括国庆档内及后续的票房）区间在54.9-77.4亿元。,2023-09-26 09:23:59
266,理想汽车低开超4%  遭非执行董事王兴连续减持,【理想汽车低开超4%  遭非执行董事王兴连续减持】财联社9月26日电，截至发稿，理想汽车-W(02015.HK)跌4.22%。根据香港联交所股权披露，9月12日至15日期间，美团首席执行官兼理想汽车非执行董事王兴，连续4天减持理想汽车，累计减持194.79万股，合共套现金额约3.11亿港元。据悉，今年3月，王兴10天9次减持理想汽车，合计套现金额达4.2亿港元。意味着王兴年内累计套现金额达到7.31亿港元。,2023-09-26 09:24:53
267,三大指数集体低开,【三大指数集体低开】财联社9月26日电，沪指低开0.05%，深成指低开0.10%，创业板指低开0.25%，华为·星闪、家电、光刻机等板块指数跌幅居前。,2023-09-26 09:25:11
268,IMAX中国低开近4% 日前投资者反对私有化,【IMAX中国低开近4% 日前投资者反对私有化】财联社9月26日电，截至发稿，IMAX中国(01970.HK)跌3.66%。根据公告，IMAX公司回应Letko关于IMAX中国拟议私有化的声明。Letko于2023年9月22日发布声明，表示有意投票反对该私有化交易。IMAX公司重申其相信该交易符合IMAX中国股东的最佳利益，是一项令人信服的要约。拟议交易的要约价较公告前30个完整交易日平均收盘价溢价49%。,2023-09-26 09:26:01
269,竞价看龙头：精伦电子一字涨停晋级5连板,【竞价看龙头：精伦电子一字涨停晋级5连板】财联社9月26日电，市场焦点股捷荣技术（19天14板）高开4.98%，机器人概念股精伦电子（4板）竞价涨停、科力尔（6天3板）高开0.19%、冀凯股份（6天3板）竞价涨停，华为汽车概念股丰华股份（6天4板）低开7.43%、三联锻造（3板）高开3.12%、铭科精技（6天3板）低开2.36%，华为算力板块华脉科技（8天4板）低开2.21%、剑桥科技（2板）高开2.44%、远东传动（4天2板）高开3.00%，减肥药概念股德展健康（4天3板）高开5.14%。,2023-09-26 09:27:31
270,多人购买内部低价房被骗？西安 ：警方已经立案 11名嫌犯被采取刑事强制措施,【多人购买内部低价房被骗？西安 ：警方已经立案 11名嫌犯被采取刑事强制措施】财联社9月26日电，据西安高新公安微博26日凌晨通报，近期，该局先后接多名群众报警称购买内部低价房被骗，接报警后警方立即展开调查。经查，以牛某为首的犯罪团伙通过虚构有“低价房、内部房”出售，骗取群众购房款。目前，警方已经立案，11名犯罪嫌疑人被采取刑事强制措施，同时在全市范围内对该犯罪团伙其他犯罪线索开展全面排查，案件仍在进一步侦办中。,2023-09-26 09:28:29
271,“佐餐卤味第一股”紫燕食品营收稳增 智能化供应链夯实竞争壁垒,【“佐餐卤味第一股”紫燕食品营收稳增 智能化供应链夯实竞争壁垒】财联社9月26日电，“佐餐卤味第一股”紫燕食品上市一周年，期间每季度营收均实现同比上涨；截至今年上半年，品牌全国门店总数达6137家，增速可观。上市以来，紫燕食品积极施行创新升级，通过自研技术、改进生产线等方式，持续优化工厂机械化、自动化水平，进而助推新渠道、新模式、新产品的落实和推广。坚持“佐餐”定位以及数字化、智能化供应链的搭建，也一定程度提振了紫燕食品的持续盈利能力和长期价值，从而实现可持续发展。,2023-09-26 09:31:15
272,新型工业化板块持续活跃 精伦电子5连板,【新型工业化板块持续活跃 精伦电子5连板】财联社9月26日电，新型工业化板块反复活跃，精伦电子5连板，天永智能、亚威股份2连板，德恩精工冲高10%，金自天正、东土科技、沈阳机床等冲高。消息面上，9月25日，工信部党组书记、部长金壮龙主持召开党组会议，会议强调，要准确把握推进新型工业化的战略定位，加快建设制造强国，持续提升工业现代化水平，构建以先进制造业为骨干的现代化产业体系。,2023-09-26 09:32:27
273,ChatGPT概念走强 多模态方向领涨,【ChatGPT概念走强 多模态方向领涨】财联社9月26日电，ChatGPT概念股大幅走强，海天瑞声涨超14%，万兴科技、虹软科技、科大讯飞、昆仑万维等纷纷冲高。消息面上，OpenAI宣布，将在ChatGPT推出新的语音和图像功能，新功能将于未来两周内面向Plus和企业用户推出。新功能允许用户将与ChatGPT进行语音对话（适用于iOS和Android），并在对话中以图片形式向ChatGPT展示正在谈论的内容（适用于所有平台）。,2023-09-26 09:33:39
274,,财联社9月26日电，恒生科技指数跌超1%。理想汽车跌超5%，众安在线跌超3%。,2023-09-26 09:35:37
275,华为·星闪概念早盘下挫 创耀科技跌超8%,【华为·星闪概念早盘下挫 创耀科技跌超8%】财联社9月26日电，早盘华为·星闪概念震荡下挫，创耀科技大跌9%，高鸿股份、荣联科技、泰凌微、天邑股份等多股跌超4%。,2023-09-26 09:37:48
276,游戏股开盘活跃 冰川网络领涨,【游戏股开盘活跃 冰川网络领涨】财联社9月26日电，游戏股早盘表现活跃，冰川网络涨超5%，盛天网络、汤姆猫、恺英网络、三七互娱、姚记科技等跟涨。消息面上，国家新闻出版署发布9月国产网络游戏审批信息，共89款游戏获批。其中获批厂商包括三七互娱、吉比特、恺英网络、完美世界等。,2023-09-26 09:39:19
277,,财联社9月26日电，美联储卡什卡利称，其是认为今年还会有一次加息的政策制定者之一；在可预见的未来还将继续缩减资产负债表。,2023-09-26 09:40:57
278,华为汽车概念探底回升 赛力斯大涨7%,【华为汽车概念探底回升 赛力斯大涨7%】财联社9月26日电，早盘华为汽车概念探底回升，赛力斯大涨7%，博俊科技、三联锻造、德迈仕、贝斯特等纷纷跟涨。消息面上，华为将在12月发布问界M9，余承东称这将是“1000万以内最好的SUV”。此外在华为秋季全场景新品发布会上，华为还宣布将于11月发布首款轿车智界S7。,2023-09-26 09:44:02
279,美财政部以涉伊为由制裁中国实体和个人 商务部：立即停止无理打压,"【美财政部以涉伊为由制裁中国实体和个人 商务部：立即停止无理打压】财联社9月26日电，商务部新闻发言人就美财政部以涉伊为由制裁中国实体和个人答记者问。

有记者问：近期，美国财政部以涉伊朗无人机和军用飞机开发为由，宣布制裁部分中国实体和个人，请问中方对此有何评论？

答：中方注意到，美方以所谓涉伊朗无人机和军用飞机开发为由，将部分中国企业和个人列入“特别指定国民清单”，中方对此坚决反对。

美方滥用单边制裁和“长臂管辖”的做法，破坏国际贸易秩序和规则，阻碍国际间正常的经贸往来，损害中国企业和个人的合法权益。美方应立即停止对中国企业和个人的无理打压。中方将采取必要措施，坚决维护自身合法权益。",2023-09-26 09:47:00
280,航行警告！黄海海域进行实弹射击,【航行警告！黄海海域进行实弹射击】财联社9月26日电，据中国海事局网站消息，青岛海事局发布航行警告，2023年9月26日8时30分至28日17时，在36-04.5N 120-59.2E、36-04.5N 121-11.5E、35-58.6N 121-04.9E和35-58.6N 120-52.8E四点连线范围内进行实弹射击。禁止驶入。,2023-09-26 09:48:31
281,捷荣技术再度涨停 走出20天15板,【捷荣技术再度涨停 走出20天15板】财联社9月26日电，华为概念人气股捷荣技术再度涨停，走出20天15板，累计涨幅超360%。,2023-09-26 09:48:42
282,印尼发生6.3级地震,【印尼发生6.3级地震】财联社9月26日电，据印尼气象、气候和地球物理局消息，当地时间9月26日8时39分，印尼北苏拉威西省（北纬4.63度，东经127.38）发生6.3级地震。,2023-09-26 09:50:24
283,减肥药板块震荡回升 双鹭药业涨停,【减肥药板块震荡回升 双鹭药业涨停】财联社9月26日电，减肥药板块盘中震荡回升，双鹭药业涨停，翰宇药业、博瑞医药冲高5%，圣诺生物、华东医药、德展健康等冲高。消息面上，根据GlobalData估计，受GLP-1类药物全球研发热潮和相关产品在减肥适应症上的亮眼临床数据驱动，到2031年全球减肥药物市场规模将达到371亿美元，2021年-2031年复合年均增长率为31.3%。中国减肥药市场也有望实现快速增长，未来空间广阔。,2023-09-26 09:55:03
284,安徽利辛：农村居民购买新建商品住房 最高补贴1万元,【安徽利辛：农村居民购买新建商品住房 最高补贴1万元】财联社9月26日电，据“利辛发布”25日晚间消息，安徽省亳州市利辛县发布多项住房消费利好措施，涉及契税补贴、购房补贴、公积金贷款等12条措施。措施的有效期为2023年9月23日至2023年12月31日。利辛县将对购房给予契税补贴。凡购买新建商品住房的，购房人可按实际缴纳契税的50%申请补贴，需在商品住房交付后一年内缴清契税，申请补贴。文件提出，支持农村居民进城购房。积极推进城镇化进程，农村居民购买新建商品住房，可按实际购房款的1%申请补贴，最高1万元，补贴在办理不动产登记后兑现。,2023-09-26 09:59:17
285,国务院新闻办公室发布《携手构建人类命运共同体：中国的倡议与行动》白皮书,【国务院新闻办公室发布《携手构建人类命运共同体：中国的倡议与行动》白皮书】财联社9月26日电，今日（26日）上午10时，中国国务院新闻办公室发布《携手构建人类命运共同体：中国的倡议与行动》白皮书，并举行新闻发布会。白皮书全面介绍了构建人类命运共同体的思想内涵和生动实践，旨在增进国际社会了解和理解，凝聚广泛共识。,2023-09-26 10:01:52
286,,财联社9月26日电，中国地震台网正式测定：09月26日09时39分在印尼塔劳群岛（北纬4.60度，东经127.45度）发生6.0级地震，震源深度110千米。,2023-09-26 10:01:57
287,ChatGPT概念股持续走强 海天瑞声20CM涨停,【ChatGPT概念股持续走强 海天瑞声20CM涨停】财联社9月26日电，ChatGPT概念股持续走强，海天瑞声20CM涨停，万兴科技涨超10%，云从科技、昆仑万维、科大讯飞、神州泰岳等跟涨。消息面上，根据OpenAI官网信息，ChatGPT即将在两周内对plus用户与企业用户开放一系列新功能，包括图像读取与理解（即图生文），以及语音对话能力。,2023-09-26 10:02:22
288,【盘中宝·独家】华为在这个细分领域首家合作厂商，这家公司大模型产品年内将择机公测,财联社资讯独家获悉，这家公司基于盘古大模型构建的产品年内将择机公测，目前已有意向订单，公司是华为在该细分领域大模型方面的首家合作厂商。,2023-09-26 10:08:35
289,CPO概念股探底回升 源杰科技涨超10%,【CPO概念股探底回升 源杰科技涨超10%】财联社9月26日电，CPO概念股早盘调整后震荡回升，源杰科技涨超10%，华西股份涨停，仕佳光子、中际旭创涨超5%，剑桥科技、新易盛、联特科技、太辰光等跟涨。消息面上，中际旭创近日在互动平台表示，公司800G产品仍在持续放量中。,2023-09-26 10:09:38
290,韩国法院对李在明拘留前审查开始 系韩国宪政史上首次,【韩国法院对李在明拘留前审查开始 系韩国宪政史上首次】财联社9月26日电，据韩联社报道，韩国法院对李在明拘留前审查从当地时间10时7分开始。报道称，原计划是在上午10时开始审查，但由于当天下雨导致交通堵塞，李在明到达时间推迟。报道称，由于李在明连续绝食了24天，导致他的健康状况变得不佳。为了应对可能出现的紧急情况，法庭特别安排了一名医疗人员，并且还准备好了轮椅。据韩联社26日稍早前报道，韩国首尔中央地方法院将于当地时间上午10时对李在明进行拘留前审查。报道称，韩国在野党代表出席拘留前嫌疑人审查在韩国宪政史上是首次。 (环球网),2023-09-26 10:10:18
291,【风口研报·公司】ChatGPT更新“图形+语音”多模态功能，这家公司聚焦“视觉+AI”研发、构建“光机电算软”全链路技术能力，同时在XR拍摄系统实现国产突破,ChatGPT更新“图形+语音”多模态功能，这家公司聚焦“视觉+AI”研发、构建“光机电算软”全链路技术能力，成功填补工业领域视觉大模型的空白，同时在XR拍摄系统实现国产突破，上半元宇宙业务同比增长37%。,2023-09-26 10:11:15
292,卫星导航板块持续走弱 华力创通跌超10%,【卫星导航板块持续走弱 华力创通跌超10%】财联社9月26日电，卫星导航板块盘中持续走弱，华力创通跌超10%，四川九洲、震有科技跌近5%，创意信息、航锦科技、通宇通讯等纷纷跟跌。,2023-09-26 10:14:55
293,,财联社9月26日电，日本财务大臣铃木俊一表示，带着高度紧迫性关注汇市波动。不排除针对汇率过度波动采取任何选项，将采取合适行动应对汇率快速波动。,2023-09-26 10:17:46
294,中国质量认证获证组织突破100万家,【中国质量认证获证组织突破100万家】财联社9月26日电，市场监管总局9月26日发布《中国质量认证发展报告》，截至目前，我国共批准设立1261家认证机构，累计颁发有效的产品、管理体系、服务认证证书361万余张，获证组织突破100万家。,2023-09-26 10:24:42
295,中国贸促会：8月RCEP原产地证书签证份数同比增长16.04%,【中国贸促会：8月RCEP原产地证书签证份数同比增长16.04%】财联社9月26日电，根据中国贸促会26日发布的全国贸促系统商事认证数据，8月RCEP原产地证书签证份数为21672份，同比增长16.04%；办证企业3552家，同比增长15.18%，出口目的国包括日本、印尼、韩国、越南等12个成员国，预计为我国产品在RCEP进口成员国减免关税0.11亿美元。,2023-09-26 10:26:52
296,国家药监局药品审评中心征求意见：第一家过评后三年后不再受理同品种申请,【国家药监局药品审评中心征求意见：第一家过评后三年后不再受理同品种申请】财联社9月26日电，国家药监局药品审评中心发布关于公开征求《仿制药质量和疗效一致性评价受理审查指南（征求意见稿）》意见的通知。文件显示，自第一家品种通过一致性评价后，三年后不再受理其他药品生产企业相同品种的一致性评价申请。企业经评估认为属于临床必需、市场短缺品种的，可向所在地省级药品监管部门提出延期评价申请，经省级药品监管部门会同卫生行政部门组织研究认定后，可予适当延期；境外生产药品或港澳台生产医药产品，可向国家药品监管部门提出延期评价申请。行业人士普遍认为，如今过评几乎是挂网采购的最低门槛，这或许意味着，对于仿制药企业来说，如果手上品种还未开展一致性评价，但已有其他企业过评，要抓紧了。不过评、不采购的大环境下，或将有大量“老批文”面临被清退风险。,2023-09-26 10:26:58
297,生态环境部：全国352.5万个固定污染源纳入排污许可管理范围,【生态环境部：全国352.5万个固定污染源纳入排污许可管理范围】财联社9月26日电，生态环境部环境影响评价与排放管理司司长刘志全26日在北京举行的发布会上表示，推动实现固定污染源”全覆盖“。截至2023年9月，已将全国352.5万个固定污染源纳入排污许可管理范围，其中核发排污许可证35.8万张，排污登记316.7万家；管控水污染物排放口25.7万个、大气污染物排放口107.3万个。,2023-09-26 10:28:13
298,一带一路板块异动拉升 贝肯能源冲击涨停,【一带一路板块异动拉升 贝肯能源冲击涨停】财联社9月26日电，一带一路板块异动拉升，贝肯能源冲击涨停，鼎汉技术涨超10%，锦州港、南方路机、龙建股份、西藏天路等纷纷跟涨。消息面上，第三届“一带一路”国际合作高峰论坛将于今年10月在北京举办。今年前8个月，我国对152个“一带一路”共建国家进出口12.62万亿元，同比增长3.6%，占我国外贸规模的比重达到了46.6%。,2023-09-26 10:32:39
299,,财联社9月26日电，集运指数（欧线）期货主力合约向下触及800点，日内跌超7%。,2023-09-26 10:35:02
